data,Feedback,population,question,subject
demos:Demographics:;,fb,1,TypeResp,1
F,fb,1,Gender,1
23,fb,1,Age,1
NHL,fb,1,Ethnicity,1
W,fb,1,Race,1
demos:Demographics:;,fb,1,TypeResp,2
F,fb,1,Gender,2
52,fb,1,Age,2
NHL,fb,1,Ethnicity,2
A,fb,1,Race,2
demos:Demographics:;,fb,1,TypeResp,3
M,fb,1,Gender,3
29,fb,1,Age,3
NHL,fb,1,Ethnicity,3
W,fb,1,Race,3
demos:Demographics:;,fb,1,TypeResp,4
F,fb,1,Gender,4
51,fb,1,Age,4
NHL,fb,1,Ethnicity,4
W,fb,1,Race,4
demos:Demographics:;,fb,1,TypeResp,5
F,fb,1,Gender,5
24,fb,1,Age,5
NHL,fb,1,Ethnicity,5
W,fb,1,Race,5
demos:Demographics:;,fb,1,TypeResp,6
M,fb,1,Gender,6
27,fb,1,Age,6
NHL,fb,1,Ethnicity,6
W,fb,1,Race,6
demos:Demographics:;,fb,1,TypeResp,7
M,fb,1,Gender,7
32,fb,1,Age,7
NHL,fb,1,Ethnicity,7
W,fb,1,Race,7
demos:Demographics:;,fb,1,TypeResp,8
T,fb,1,Gender,8
34,fb,1,Age,8
NHL,fb,1,Ethnicity,8
W,fb,1,Race,8
demos:Demographics:;,fb,1,TypeResp,9
M,fb,1,Gender,9
45,fb,1,Age,9
NHL,fb,1,Ethnicity,9
W,fb,1,Race,9
demos:Demographics:;,fb,1,TypeResp,10
M,fb,1,Gender,10
28,fb,1,Age,10
NHL,fb,1,Ethnicity,10
W,fb,1,Race,10
demos:Demographics:;,fb,1,TypeResp,11
M,fb,1,Gender,11
40,fb,1,Age,11
HL,fb,1,Ethnicity,11
AA,fb,1,Race,11
demos:Demographics:;,fb,1,TypeResp,12
M,fb,1,Gender,12
30,fb,1,Age,12
NHL,fb,1,Ethnicity,12
W,fb,1,Race,12
demos:Demographics:;,fb,1,TypeResp,13
F,fb,1,Gender,13
27,fb,1,Age,13
NHL,fb,1,Ethnicity,13
A,fb,1,Race,13
demos:Demographics:;,fb,1,TypeResp,14
M,fb,1,Gender,14
49,fb,1,Age,14
NHL,fb,1,Ethnicity,14
W,fb,1,Race,14
demos:Demographics:;,fb,1,TypeResp,15
M,fb,1,Gender,15
30,fb,1,Age,15
HL,fb,1,Ethnicity,15
AA,fb,1,Race,15
demos:Demographics:;,fb,1,TypeResp,16
M,fb,1,Gender,16
55,fb,1,Age,16
NHL,fb,1,Ethnicity,16
A,fb,1,Race,16
demos:Demographics:;,fb,1,TypeResp,17
F,fb,1,Gender,17
58,fb,1,Age,17
NHL,fb,1,Ethnicity,17
W,fb,1,Race,17
demos:Demographics:;,fb,1,TypeResp,18
M,fb,1,Gender,18
26,fb,1,Age,18
NHL,fb,1,Ethnicity,18
W,fb,1,Race,18
demos:Demographics:;,fb,1,TypeResp,19
M,fb,1,Gender,19
36,fb,1,Age,19
NHL,fb,1,Ethnicity,19
W,fb,1,Race,19
demos:Demographics:;,fb,1,TypeResp,20
M,fb,1,Gender,20
29,fb,1,Age,20
NHL,fb,1,Ethnicity,20
W,fb,1,Race,20
demos:Demographics:;,fb,1,TypeResp,21
M,fb,1,Gender,21
28,fb,1,Age,21
NHL,fb,1,Ethnicity,21
W,fb,1,Race,21
demos:Demographics:;,fb,1,TypeResp,22
F,fb,1,Gender,22
31,fb,1,Age,22
NHL,fb,1,Ethnicity,22
W,fb,1,Race,22
demos:Demographics:;,fb,1,TypeResp,23
F,fb,1,Gender,23
68,fb,1,Age,23
NHL,fb,1,Ethnicity,23
W,fb,1,Race,23
demos:Demographics:;,fb,1,TypeResp,24
M,fb,1,Gender,24
33,fb,1,Age,24
NHL,fb,1,Ethnicity,24
W,fb,1,Race,24
demos:Demographics:;,fb,1,TypeResp,25
M,fb,1,Gender,25
42,fb,1,Age,25
NHL,fb,1,Ethnicity,25
AA,fb,1,Race,25
demos:Demographics:;,fb,1,TypeResp,26
M,fb,1,Gender,26
25,fb,1,Age,26
NHL,fb,1,Ethnicity,26
W,fb,1,Race,26
demos:Demographics:;,fb,1,TypeResp,27
F,fb,1,Gender,27
51,fb,1,Age,27
HL,fb,1,Ethnicity,27
W,fb,1,Race,27
demos:Demographics:;,fb,1,TypeResp,28
F,fb,1,Gender,28
49,fb,1,Age,28
NHL,fb,1,Ethnicity,28
A,fb,1,Race,28
demos:Demographics:;,fb,1,TypeResp,29
M,fb,1,Gender,29
33,fb,1,Age,29
NHL,fb,1,Ethnicity,29
W,fb,1,Race,29
demos:Demographics:;,fb,1,TypeResp,30
F,fb,1,Gender,30
36,fb,1,Age,30
NHL,fb,1,Ethnicity,30
A,fb,1,Race,30
demos:Demographics:;,fb,1,TypeResp,31
M,fb,1,Gender,31
33,fb,1,Age,31
NHL,fb,1,Ethnicity,31
W,fb,1,Race,31
demos:Demographics:;,fb,1,TypeResp,32
M,fb,1,Gender,32
258,fb,1,Age,32
HL,fb,1,Ethnicity,32
W,fb,1,Race,32
demos:Demographics:;,fb,1,TypeResp,33
M,fb,1,Gender,33
49,fb,1,Age,33
NHL,fb,1,Ethnicity,33
W,fb,1,Race,33
demos:Demographics:;,fb,1,TypeResp,34
F,fb,1,Gender,34
28,fb,1,Age,34
NHL,fb,1,Ethnicity,34
W,fb,1,Race,34
demos:Demographics:;,fb,1,TypeResp,35
M,fb,1,Gender,35
53,fb,1,Age,35
NHL,fb,1,Ethnicity,35
A,fb,1,Race,35
demos:Demographics:;,fb,1,TypeResp,36
F,fb,1,Gender,36
51,fb,1,Age,36
NHL,fb,1,Ethnicity,36
W,fb,1,Race,36
demos:Demographics:;,fb,1,TypeResp,37
F,fb,1,Gender,37
69,fb,1,Age,37
NHL,fb,1,Ethnicity,37
W,fb,1,Race,37
demos:Demographics:;,fb,1,TypeResp,38
M,fb,1,Gender,38
54,fb,1,Age,38
NHL,fb,1,Ethnicity,38
AA,fb,1,Race,38
demos:Demographics:;,fb,1,TypeResp,39
F,fb,1,Gender,39
36,fb,1,Age,39
NHL,fb,1,Ethnicity,39
W,fb,1,Race,39
demos:Demographics:;,fb,1,TypeResp,40
F,fb,1,Gender,40
25,fb,1,Age,40
NHL,fb,1,Ethnicity,40
A,fb,1,Race,40
demos:Demographics:;,fb,1,TypeResp,41
M,fb,1,Gender,41
42,fb,1,Age,41
NHL,fb,1,Ethnicity,41
W,fb,1,Race,41
demos:Demographics:;,fb,1,TypeResp,42
F,fb,1,Gender,42
30,fb,1,Age,42
NHL,fb,1,Ethnicity,42
W,fb,1,Race,42
demos:Demographics:;,fb,1,TypeResp,43
M,fb,1,Gender,43
59,fb,1,Age,43
HL,fb,1,Ethnicity,43
AI,fb,1,Race,43
demos:Demographics:;,fb,1,TypeResp,44
M,fb,1,Gender,44
28,fb,1,Age,44
NHL,fb,1,Ethnicity,44
W,fb,1,Race,44
demos:Demographics:;,fb,1,TypeResp,45
F,fb,1,Gender,45
49,fb,1,Age,45
HL,fb,1,Ethnicity,45
M,fb,1,Race,45
demos:Demographics:;,fb,1,TypeResp,46
F,fb,1,Gender,46
48,fb,1,Age,46
NHL,fb,1,Ethnicity,46
A,fb,1,Race,46
demos:Demographics:;,fb,1,TypeResp,47
F,fb,1,Gender,47
27,fb,1,Age,47
HL,fb,1,Ethnicity,47
W,fb,1,Race,47
demos:Demographics:;,fb,1,TypeResp,48
M,fb,1,Gender,48
30,fb,1,Age,48
NHL,fb,1,Ethnicity,48
W,fb,1,Race,48
demos:Demographics:;,fb,1,TypeResp,49
F,fb,1,Gender,49
20,fb,1,Age,49
NHL,fb,1,Ethnicity,49
W,fb,1,Race,49
demos:Demographics:;,fb,1,TypeResp,50
M,fb,1,Gender,50
25,fb,1,Age,50
NHL,fb,1,Ethnicity,50
W,fb,1,Race,50
demos:Demographics:;,fb,1,TypeResp,51
M,fb,1,Gender,51
43,fb,1,Age,51
NHL,fb,1,Ethnicity,51
W,fb,1,Race,51
demos:Demographics:;,fb,1,TypeResp,52
F,fb,1,Gender,52
48,fb,1,Age,52
NHL,fb,1,Ethnicity,52
W,fb,1,Race,52
demos:Demographics:;,fb,1,TypeResp,53
F,fb,1,Gender,53
30,fb,1,Age,53
HL,fb,1,Ethnicity,53
AA,fb,1,Race,53
demos:Demographics:;,fb,1,TypeResp,54
M,fb,1,Gender,54
36,fb,1,Age,54
NHL,fb,1,Ethnicity,54
AI,fb,1,Race,54
demos:Demographics:;,fb,1,TypeResp,55
M,fb,1,Gender,55
51,fb,1,Age,55
NHL,fb,1,Ethnicity,55
W,fb,1,Race,55
demos:Demographics:;,fb,1,TypeResp,56
F,fb,1,Gender,56
23,fb,1,Age,56
HL,fb,1,Ethnicity,56
W,fb,1,Race,56
demos:Demographics:;,fb,1,TypeResp,57
F,fb,1,Gender,57
48,fb,1,Age,57
NHL,fb,1,Ethnicity,57
W,fb,1,Race,57
demos:Demographics:;,fb,1,TypeResp,58
M,fb,1,Gender,58
31,fb,1,Age,58
NA,fb,1,Ethnicity,58
AA,fb,1,Race,58
demos:Demographics:;,fb,1,TypeResp,59
F,fb,1,Gender,59
37,fb,1,Age,59
NHL,fb,1,Ethnicity,59
W,fb,1,Race,59
demos:Demographics:;,fb,1,TypeResp,60
F,fb,1,Gender,60
49,fb,1,Age,60
NHL,fb,1,Ethnicity,60
W,fb,1,Race,60
demos:Demographics:;,fb,1,TypeResp,61
M,fb,1,Gender,61
32,fb,1,Age,61
NHL,fb,1,Ethnicity,61
W,fb,1,Race,61
demos:Demographics:;,fb,1,TypeResp,62
F,fb,1,Gender,62
42,fb,1,Age,62
NHL,fb,1,Ethnicity,62
W,fb,1,Race,62
demos:Demographics:;,fb,1,TypeResp,63
M,fb,1,Gender,63
32,fb,1,Age,63
HL,fb,1,Ethnicity,63
AA,fb,1,Race,63
demos:Demographics:;,fb,1,TypeResp,64
M,fb,1,Gender,64
38,fb,1,Age,64
NHL,fb,1,Ethnicity,64
W,fb,1,Race,64
demos:Demographics:;,fb,1,TypeResp,65
M,fb,1,Gender,65
49,fb,1,Age,65
NHL,fb,1,Ethnicity,65
W,fb,1,Race,65
demos:Demographics:;,fb,1,TypeResp,66
M,fb,1,Gender,66
45,fb,1,Age,66
NHL,fb,1,Ethnicity,66
W,fb,1,Race,66
demos:Demographics:;,fb,1,TypeResp,67
M,fb,1,Gender,67
41,fb,1,Age,67
NHL,fb,1,Ethnicity,67
W,fb,1,Race,67
demos:Demographics:;,fb,1,TypeResp,68
F,fb,1,Gender,68
28,fb,1,Age,68
NHL,fb,1,Ethnicity,68
W,fb,1,Race,68
demos:Demographics:;,fb,1,TypeResp,69
F,fb,1,Gender,69
35,fb,1,Age,69
NHL,fb,1,Ethnicity,69
W,fb,1,Race,69
demos:Demographics:;,fb,1,TypeResp,70
M,fb,1,Gender,70
31,fb,1,Age,70
HL,fb,1,Ethnicity,70
W,fb,1,Race,70
demos:Demographics:;,fb,1,TypeResp,71
M,fb,1,Gender,71
34,fb,1,Age,71
NHL,fb,1,Ethnicity,71
AA,fb,1,Race,71
demos:Demographics:;,fb,1,TypeResp,72
M,fb,1,Gender,72
31,fb,1,Age,72
NHL,fb,1,Ethnicity,72
W,fb,1,Race,72
demos:Demographics:;,fb,1,TypeResp,73
M,fb,1,Gender,73
32,fb,1,Age,73
HL,fb,1,Ethnicity,73
AA,fb,1,Race,73
demos:Demographics:;,fb,1,TypeResp,74
T,fb,1,Gender,74
23,fb,1,Age,74
NHL,fb,1,Ethnicity,74
A,fb,1,Race,74
demos:Demographics:;,fb,1,TypeResp,75
M,fb,1,Gender,75
34,fb,1,Age,75
HL,fb,1,Ethnicity,75
M,fb,1,Race,75
demos:Demographics:;,fb,1,TypeResp,76
M,fb,1,Gender,76
33,fb,1,Age,76
NHL,fb,1,Ethnicity,76
A,fb,1,Race,76
demos:Demographics:;,fb,1,TypeResp,77
M,fb,1,Gender,77
36,fb,1,Age,77
NHL,fb,1,Ethnicity,77
W,fb,1,Race,77
demos:Demographics:;,fb,1,TypeResp,78
M,fb,1,Gender,78
34,fb,1,Age,78
NHL,fb,1,Ethnicity,78
W,fb,1,Race,78
demos:Demographics:;,fb,1,TypeResp,79
F,fb,1,Gender,79
28,fb,1,Age,79
NHL,fb,1,Ethnicity,79
AA,fb,1,Race,79
demos:Demographics:;,fb,1,TypeResp,80
M,fb,1,Gender,80
33,fb,1,Age,80
NHL,fb,1,Ethnicity,80
AA,fb,1,Race,80
demos:Demographics:;,fb,1,TypeResp,81
F,fb,1,Gender,81
27,fb,1,Age,81
HL,fb,1,Ethnicity,81
M,fb,1,Race,81
demos:Demographics:;,fb,1,TypeResp,82
F,fb,1,Gender,82
43,fb,1,Age,82
NHL,fb,1,Ethnicity,82
W,fb,1,Race,82
demos:Demographics:;,fb,1,TypeResp,83
M,fb,1,Gender,83
34,fb,1,Age,83
NHL,fb,1,Ethnicity,83
W,fb,1,Race,83
demos:Demographics:;,fb,1,TypeResp,84
F,fb,1,Gender,84
54,fb,1,Age,84
NHL,fb,1,Ethnicity,84
W,fb,1,Race,84
demos:Demographics:;,fb,1,TypeResp,85
F,fb,1,Gender,85
49,fb,1,Age,85
NHL,fb,1,Ethnicity,85
W,fb,1,Race,85
demos:Demographics:;,fb,1,TypeResp,86
M,fb,1,Gender,86
41,fb,1,Age,86
NHL,fb,1,Ethnicity,86
W,fb,1,Race,86
demos:Demographics:;,fb,1,TypeResp,87
F,fb,1,Gender,87
54,fb,1,Age,87
NHL,fb,1,Ethnicity,87
W,fb,1,Race,87
demos:Demographics:;,fb,1,TypeResp,88
M,fb,1,Gender,88
27,fb,1,Age,88
NHL,fb,1,Ethnicity,88
AA,fb,1,Race,88
demos:Demographics:;,fb,2,TypeResp,89
M,fb,2,Gender,89
19,fb,2,Age,89
NA,fb,2,Ethnicity,89
W,fb,2,Race,89
demos:Demographics:;,fb,2,TypeResp,90
F,fb,2,Gender,90
19,fb,2,Age,90
HL,fb,2,Ethnicity,90
W,fb,2,Race,90
demos:Demographics:;,fb,2,TypeResp,91
F,fb,2,Gender,91
18,fb,2,Age,91
NHL,fb,2,Ethnicity,91
M,fb,2,Race,91
demos:Demographics:;,fb,2,TypeResp,92
M,fb,2,Gender,92
19,fb,2,Age,92
NHL,fb,2,Ethnicity,92
AA,fb,2,Race,92
demos:Demographics:;,fb,2,TypeResp,93
F,fb,2,Gender,93
19,fb,2,Age,93
NA,fb,2,Ethnicity,93
W,fb,2,Race,93
demos:Demographics:;,fb,2,TypeResp,94
M,fb,2,Gender,94
21,fb,2,Age,94
NHL,fb,2,Ethnicity,94
AA,fb,2,Race,94
demos:Demographics:;,fb,2,TypeResp,95
F,fb,2,Gender,95
20,fb,2,Age,95
HL,fb,2,Ethnicity,95
W,fb,2,Race,95
demos:Demographics:;,fb,2,TypeResp,96
M,fb,2,Gender,96
19,fb,2,Age,96
NHL,fb,2,Ethnicity,96
A,fb,2,Race,96
demos:Demographics:;,fb,2,TypeResp,97
F,fb,2,Gender,97
20,fb,2,Age,97
NHL,fb,2,Ethnicity,97
A,fb,2,Race,97
demos:Demographics:;,fb,2,TypeResp,98
F,fb,2,Gender,98
21,fb,2,Age,98
NHL,fb,2,Ethnicity,98
A,fb,2,Race,98
demos:Demographics:;,fb,2,TypeResp,99
F,fb,2,Gender,99
19,fb,2,Age,99
NHL,fb,2,Ethnicity,99
A,fb,2,Race,99
demos:Demographics:;,fb,2,TypeResp,100
F,fb,2,Gender,100
18,fb,2,Age,100
HL,fb,2,Ethnicity,100
W,fb,2,Race,100
demos:Demographics:;,fb,2,TypeResp,101
F,fb,2,Gender,101
18,fb,2,Age,101
NHL,fb,2,Ethnicity,101
M,fb,2,Race,101
demos:Demographics:;,fb,2,TypeResp,102
F,fb,2,Gender,102
18,fb,2,Age,102
NHL,fb,2,Ethnicity,102
A,fb,2,Race,102
demos:Demographics:;,fb,2,TypeResp,103
F,fb,2,Gender,103
18,fb,2,Age,103
NHL,fb,2,Ethnicity,103
A,fb,2,Race,103
demos:Demographics:;,fb,2,TypeResp,104
M,fb,2,Gender,104
21,fb,2,Age,104
NHL,fb,2,Ethnicity,104
W,fb,2,Race,104
demos:Demographics:;,fb,2,TypeResp,105
F,fb,2,Gender,105
18,fb,2,Age,105
NHL,fb,2,Ethnicity,105
W,fb,2,Race,105
demos:Demographics:;,fb,2,TypeResp,106
F,fb,2,Gender,106
20,fb,2,Age,106
NHL,fb,2,Ethnicity,106
W,fb,2,Race,106
demos:Demographics:;,fb,2,TypeResp,107
F,fb,2,Gender,107
21,fb,2,Age,107
NHL,fb,2,Ethnicity,107
W,fb,2,Race,107
demos:Demographics:;,fb,2,TypeResp,108
M,fb,2,Gender,108
22,fb,2,Age,108
NHL,fb,2,Ethnicity,108
W,fb,2,Race,108
demos:Demographics:;,fb,2,TypeResp,109
F,fb,2,Gender,109
20,fb,2,Age,109
NHL,fb,2,Ethnicity,109
W,fb,2,Race,109
demos:Demographics:;,fb,2,TypeResp,110
M,fb,2,Gender,110
18,fb,2,Age,110
NHL,fb,2,Ethnicity,110
M,fb,2,Race,110
demos:Demographics:;,fb,2,TypeResp,111
F,fb,2,Gender,111
19,fb,2,Age,111
NHL,fb,2,Ethnicity,111
W,fb,2,Race,111
demos:Demographics:;,fb,2,TypeResp,112
M,fb,2,Gender,112
20,fb,2,Age,112
NHL,fb,2,Ethnicity,112
W,fb,2,Race,112
demos:Demographics:;,fb,2,TypeResp,113
F,fb,2,Gender,113
18,fb,2,Age,113
NHL,fb,2,Ethnicity,113
A,fb,2,Race,113
demos:Demographics:;,fb,2,TypeResp,114
F,fb,2,Gender,114
21,fb,2,Age,114
HL,fb,2,Ethnicity,114
W,fb,2,Race,114
demos:Demographics:;,fb,2,TypeResp,115
F,fb,2,Gender,115
18,fb,2,Age,115
NHL,fb,2,Ethnicity,115
W,fb,2,Race,115
demos:Demographics:;,fb,2,TypeResp,116
M,fb,2,Gender,116
20,fb,2,Age,116
NHL,fb,2,Ethnicity,116
M,fb,2,Race,116
demos:Demographics:;,fb,2,TypeResp,117
M,fb,2,Gender,117
20,fb,2,Age,117
HL,fb,2,Ethnicity,117
M,fb,2,Race,117
demos:Demographics:;,fb,2,TypeResp,118
M,fb,2,Gender,118
19,fb,2,Age,118
NHL,fb,2,Ethnicity,118
W,fb,2,Race,118
demos:Demographics:;,fb,2,TypeResp,119
F,fb,2,Gender,119
19,fb,2,Age,119
NHL,fb,2,Ethnicity,119
W,fb,2,Race,119
demos:Demographics:;,fb,2,TypeResp,120
F,fb,2,Gender,120
20,fb,2,Age,120
NHL,fb,2,Ethnicity,120
W,fb,2,Race,120
demos:Demographics:;,fb,2,TypeResp,121
F,fb,2,Gender,121
20,fb,2,Age,121
NHL,fb,2,Ethnicity,121
AI,fb,2,Race,121
demos:Demographics:;,fb,2,TypeResp,122
F,fb,2,Gender,122
19,fb,2,Age,122
NHL,fb,2,Ethnicity,122
A,fb,2,Race,122
demos:Demographics:;,fb,2,TypeResp,123
F,fb,2,Gender,123
19,fb,2,Age,123
NHL,fb,2,Ethnicity,123
W,fb,2,Race,123
demos:Demographics:;,fb,2,TypeResp,124
F,fb,2,Gender,124
19,fb,2,Age,124
HL,fb,2,Ethnicity,124
W,fb,2,Race,124
demos:Demographics:;,fb,2,TypeResp,125
F,fb,2,Gender,125
20,fb,2,Age,125
NHL,fb,2,Ethnicity,125
W,fb,2,Race,125
demos:Demographics:;,fb,2,TypeResp,126
F,fb,2,Gender,126
20,fb,2,Age,126
NHL,fb,2,Ethnicity,126
W,fb,2,Race,126
demos:Demographics:;,fb,2,TypeResp,127
M,fb,2,Gender,127
19,fb,2,Age,127
NHL,fb,2,Ethnicity,127
AA,fb,2,Race,127
demos:Demographics:;,fb,2,TypeResp,128
F,fb,2,Gender,128
18,fb,2,Age,128
NHL,fb,2,Ethnicity,128
W,fb,2,Race,128
demos:Demographics:;,fb,2,TypeResp,129
F,fb,2,Gender,129
19,fb,2,Age,129
NHL,fb,2,Ethnicity,129
A,fb,2,Race,129
demos:Demographics:;,fb,2,TypeResp,130
F,fb,2,Gender,130
16,fb,2,Age,130
HL,fb,2,Ethnicity,130
W,fb,2,Race,130
demos:Demographics:;,fb,2,TypeResp,131
F,fb,2,Gender,131
20,fb,2,Age,131
NHL,fb,2,Ethnicity,131
W,fb,2,Race,131
demos:Demographics:;,fb,2,TypeResp,132
F,fb,2,Gender,132
18,fb,2,Age,132
NHL,fb,2,Ethnicity,132
W,fb,2,Race,132
demos:Demographics:;,fb,2,TypeResp,133
F,fb,2,Gender,133
19,fb,2,Age,133
NHL,fb,2,Ethnicity,133
W,fb,2,Race,133
demos:Demographics:;,fb,2,TypeResp,134
M,fb,2,Gender,134
19,fb,2,Age,134
NHL,fb,2,Ethnicity,134
AA,fb,2,Race,134
demos:Demographics:;,fb,2,TypeResp,135
F,fb,2,Gender,135
19,fb,2,Age,135
NHL,fb,2,Ethnicity,135
A,fb,2,Race,135
demos:Demographics:;,fb,2,TypeResp,136
F,fb,2,Gender,136
19,fb,2,Age,136
HL,fb,2,Ethnicity,136
W,fb,2,Race,136
demos:Demographics:;,fb,2,TypeResp,137
F,fb,2,Gender,137
19,fb,2,Age,137
NHL,fb,2,Ethnicity,137
W,fb,2,Race,137
demos:Demographics:;,fb,2,TypeResp,138
M,fb,2,Gender,138
20,fb,2,Age,138
NHL,fb,2,Ethnicity,138
AA,fb,2,Race,138
demos:Demographics:;,fb,2,TypeResp,139
M,fb,2,Gender,139
20,fb,2,Age,139
NHL,fb,2,Ethnicity,139
W,fb,2,Race,139
demos:Demographics:;,fb,2,TypeResp,140
M,fb,2,Gender,140
21,fb,2,Age,140
NHL,fb,2,Ethnicity,140
A,fb,2,Race,140
demos:Demographics:;,fb,2,TypeResp,141
M,fb,2,Gender,141
20,fb,2,Age,141
HL,fb,2,Ethnicity,141
W,fb,2,Race,141
demos:Demographics:;,fb,2,TypeResp,142
F,fb,2,Gender,142
22,fb,2,Age,142
HL,fb,2,Ethnicity,142
W,fb,2,Race,142
demos:Demographics:;,fb,2,TypeResp,143
F,fb,2,Gender,143
19,fb,2,Age,143
NHL,fb,2,Ethnicity,143
A,fb,2,Race,143
demos:Demographics:;,fb,2,TypeResp,144
M,fb,2,Gender,144
19,fb,2,Age,144
NHL,fb,2,Ethnicity,144
AA,fb,2,Race,144
demos:Demographics:;,fb,2,TypeResp,145
F,fb,2,Gender,145
19,fb,2,Age,145
NHL,fb,2,Ethnicity,145
AA,fb,2,Race,145
demos:Demographics:;,fb,2,TypeResp,146
F,fb,2,Gender,146
19,fb,2,Age,146
NHL,fb,2,Ethnicity,146
A,fb,2,Race,146
demos:Demographics:;,fb,2,TypeResp,147
M,fb,2,Gender,147
19,fb,2,Age,147
NHL,fb,2,Ethnicity,147
A,fb,2,Race,147
demos:Demographics:;,fb,2,TypeResp,148
M,fb,2,Gender,148
19,fb,2,Age,148
NHL,fb,2,Ethnicity,148
A,fb,2,Race,148
demos:Demographics:;,fb,2,TypeResp,149
F,fb,2,Gender,149
21,fb,2,Age,149
NHL,fb,2,Ethnicity,149
W,fb,2,Race,149
demos:Demographics:;,fb,2,TypeResp,150
M,fb,2,Gender,150
18,fb,2,Age,150
NHL,fb,2,Ethnicity,150
M,fb,2,Race,150
demos:Demographics:;,fb,2,TypeResp,151
F,fb,2,Gender,151
19,fb,2,Age,151
NHL,fb,2,Ethnicity,151
A,fb,2,Race,151
demos:Demographics:;,fb,2,TypeResp,152
M,fb,2,Gender,152
19,fb,2,Age,152
NHL,fb,2,Ethnicity,152
W,fb,2,Race,152
demos:Demographics:;,fb,2,TypeResp,153
F,fb,2,Gender,153
19,fb,2,Age,153
NHL,fb,2,Ethnicity,153
W,fb,2,Race,153
demos:Demographics:;,fb,2,TypeResp,154
M,fb,2,Gender,154
18,fb,2,Age,154
NHL,fb,2,Ethnicity,154
AA,fb,2,Race,154
demos:Demographics:;,fb,2,TypeResp,155
F,fb,2,Gender,155
18,fb,2,Age,155
NHL,fb,2,Ethnicity,155
W,fb,2,Race,155
demos:Demographics:;,fb,2,TypeResp,156
F,fb,2,Gender,156
18,fb,2,Age,156
NA,fb,2,Ethnicity,156
W,fb,2,Race,156
demos:Demographics:;,fb,2,TypeResp,157
M,fb,2,Gender,157
19,fb,2,Age,157
NHL,fb,2,Ethnicity,157
W,fb,2,Race,157
demos:Demographics:;,fb,2,TypeResp,158
M,fb,2,Gender,158
21,fb,2,Age,158
NHL,fb,2,Ethnicity,158
W,fb,2,Race,158
demos:Demographics:;,fb,2,TypeResp,159
F,fb,2,Gender,159
19,fb,2,Age,159
NHL,fb,2,Ethnicity,159
AA,fb,2,Race,159
demos:Demographics:;,fb,2,TypeResp,160
F,fb,2,Gender,160
19,fb,2,Age,160
NHL,fb,2,Ethnicity,160
A,fb,2,Race,160
demos:Demographics:;,fb,2,TypeResp,161
M,fb,2,Gender,161
19,fb,2,Age,161
NHL,fb,2,Ethnicity,161
W,fb,2,Race,161
demos:Demographics:;,fb,2,TypeResp,162
F,fb,2,Gender,162
21,fb,2,Age,162
NHL,fb,2,Ethnicity,162
W,fb,2,Race,162
demos:Demographics:;,fb,2,TypeResp,163
F,fb,2,Gender,163
18,fb,2,Age,163
NHL,fb,2,Ethnicity,163
W,fb,2,Race,163
demos:Demographics:;,fb,2,TypeResp,164
M,fb,2,Gender,164
18,fb,2,Age,164
NHL,fb,2,Ethnicity,164
A,fb,2,Race,164
demos:Demographics:;,fb,2,TypeResp,165
M,fb,2,Gender,165
19,fb,2,Age,165
NHL,fb,2,Ethnicity,165
W,fb,2,Race,165
demos:Demographics:;,fb,2,TypeResp,166
F,fb,2,Gender,166
19,fb,2,Age,166
HL,fb,2,Ethnicity,166
W,fb,2,Race,166
demos:Demographics:;,fb,2,TypeResp,167
M,fb,2,Gender,167
19,fb,2,Age,167
NHL,fb,2,Ethnicity,167
W,fb,2,Race,167
demos:Demographics:;,fb,2,TypeResp,168
F,fb,2,Gender,168
19,fb,2,Age,168
NHL,fb,2,Ethnicity,168
W,fb,2,Race,168
demos:Demographics:;,fb,2,TypeResp,169
F,fb,2,Gender,169
21,fb,2,Age,169
HL,fb,2,Ethnicity,169
W,fb,2,Race,169
demos:Demographics:;,fb,2,TypeResp,170
F,fb,2,Gender,170
18,fb,2,Age,170
NHL,fb,2,Ethnicity,170
W,fb,2,Race,170
demos:Demographics:;,fb,2,TypeResp,171
M,fb,2,Gender,171
20,fb,2,Age,171
NHL,fb,2,Ethnicity,171
A,fb,2,Race,171
demos:Demographics:;,fb,2,TypeResp,172
F,fb,2,Gender,172
21,fb,2,Age,172
HL,fb,2,Ethnicity,172
W,fb,2,Race,172
demos:Demographics:;,fb,2,TypeResp,173
F,fb,2,Gender,173
21,fb,2,Age,173
NHL,fb,2,Ethnicity,173
A,fb,2,Race,173
demos:Demographics:;,fb,2,TypeResp,174
F,fb,2,Gender,174
19,fb,2,Age,174
NHL,fb,2,Ethnicity,174
W,fb,2,Race,174
demos:Demographics:;,fb,2,TypeResp,175
F,fb,2,Gender,175
19,fb,2,Age,175
HL,fb,2,Ethnicity,175
W,fb,2,Race,175
demos:Demographics:;,fb,2,TypeResp,176
F,fb,2,Gender,176
18,fb,2,Age,176
NHL,fb,2,Ethnicity,176
A,fb,2,Race,176
demos:Demographics:;,fb,2,TypeResp,177
F,fb,2,Gender,177
18,fb,2,Age,177
HL,fb,2,Ethnicity,177
W,fb,2,Race,177
demos:Demographics:;,fb,2,TypeResp,178
F,fb,2,Gender,178
19,fb,2,Age,178
NHL,fb,2,Ethnicity,178
A,fb,2,Race,178
demos:Demographics:;,fb,2,TypeResp,179
F,fb,2,Gender,179
19,fb,2,Age,179
NHL,fb,2,Ethnicity,179
A,fb,2,Race,179
demos:Demographics:;,fb,2,TypeResp,180
F,fb,2,Gender,180
19,fb,2,Age,180
NHL,fb,2,Ethnicity,180
W,fb,2,Race,180
demos:Demographics:;,fb,2,TypeResp,181
F,fb,2,Gender,181
18,fb,2,Age,181
NHL,fb,2,Ethnicity,181
A,fb,2,Race,181
demos:Demographics:;,fb,2,TypeResp,182
F,fb,2,Gender,182
19,fb,2,Age,182
NHL,fb,2,Ethnicity,182
W,fb,2,Race,182
demos:Demographics:;,fb,2,TypeResp,183
F,fb,2,Gender,183
18,fb,2,Age,183
NHL,fb,2,Ethnicity,183
W,fb,2,Race,183
demos:Demographics:;,fb,2,TypeResp,184
F,fb,2,Gender,184
18,fb,2,Age,184
NHL,fb,2,Ethnicity,184
W,fb,2,Race,184
demos:Demographics:;,fb,2,TypeResp,185
M,fb,2,Gender,185
18,fb,2,Age,185
NHL,fb,2,Ethnicity,185
A,fb,2,Race,185
demos:Demographics:;,fb,2,TypeResp,186
F,fb,2,Gender,186
19,fb,2,Age,186
HL,fb,2,Ethnicity,186
W,fb,2,Race,186
demos:Demographics:;,fb,2,TypeResp,187
F,fb,2,Gender,187
21,fb,2,Age,187
NHL,fb,2,Ethnicity,187
W,fb,2,Race,187
demos:Demographics:;,fb,2,TypeResp,188
F,fb,2,Gender,188
19,fb,2,Age,188
NHL,fb,2,Ethnicity,188
W,fb,2,Race,188
demos:Demographics:;,fb,2,TypeResp,189
M,fb,2,Gender,189
20,fb,2,Age,189
HL,fb,2,Ethnicity,189
AA,fb,2,Race,189
demos:Demographics:;,fb,2,TypeResp,190
F,fb,2,Gender,190
19,fb,2,Age,190
NHL,fb,2,Ethnicity,190
M,fb,2,Race,190
demos:Demographics:;,fb,2,TypeResp,191
F,fb,2,Gender,191
18,fb,2,Age,191
NHL,fb,2,Ethnicity,191
W,fb,2,Race,191
demos:Demographics:;,fb,2,TypeResp,192
F,fb,2,Gender,192
20,fb,2,Age,192
NHL,fb,2,Ethnicity,192
W,fb,2,Race,192
demos:Demographics:;,fb,2,TypeResp,193
F,fb,2,Gender,193
21,fb,2,Age,193
HL,fb,2,Ethnicity,193
M,fb,2,Race,193
demos:Demographics:;,fb,2,TypeResp,194
M,fb,2,Gender,194
20,fb,2,Age,194
NHL,fb,2,Ethnicity,194
W,fb,2,Race,194
demos:Demographics:;,fb,2,TypeResp,195
M,fb,2,Gender,195
19,fb,2,Age,195
NHL,fb,2,Ethnicity,195
A,fb,2,Race,195
demos:Demographics:;,fb,2,TypeResp,196
F,fb,2,Gender,196
19,fb,2,Age,196
NHL,fb,2,Ethnicity,196
AA,fb,2,Race,196
demos:Demographics:;,fb,2,TypeResp,197
M,fb,2,Gender,197
20,fb,2,Age,197
NHL,fb,2,Ethnicity,197
A,fb,2,Race,197
demos:Demographics:;,fb,2,TypeResp,198
F,fb,2,Gender,198
19,fb,2,Age,198
NHL,fb,2,Ethnicity,198
M,fb,2,Race,198
demos:Demographics:;,fb,2,TypeResp,199
F,fb,2,Gender,199
20,fb,2,Age,199
NHL,fb,2,Ethnicity,199
A,fb,2,Race,199
demos:Demographics:;,fb,2,TypeResp,200
M,fb,2,Gender,200
19,fb,2,Age,200
NHL,fb,2,Ethnicity,200
A,fb,2,Race,200
demos:Demographics:;,fb,2,TypeResp,201
M,fb,2,Gender,201
19,fb,2,Age,201
NHL,fb,2,Ethnicity,201
W,fb,2,Race,201
demos:Demographics:;,fb,2,TypeResp,202
F,fb,2,Gender,202
19,fb,2,Age,202
NHL,fb,2,Ethnicity,202
A,fb,2,Race,202
demos:Demographics:;,nofb,1,TypeResp,301
W,nofb,1,Gender,301
Cis,nofb,1,Sex,301
Bin,nofb,1,GenderIdentity,301
38,nofb,1,Age,301
NHL,nofb,1,Ethnicity,301
AA,nofb,1,Race,301
demos:Demographics:;,nofb,1,TypeResp,302
M,nofb,1,Gender,302
Cis,nofb,1,Sex,302
Bin,nofb,1,GenderIdentity,302
38,nofb,1,Age,302
NHL,nofb,1,Ethnicity,302
W,nofb,1,Race,302
demos:Demographics:;,nofb,1,TypeResp,303
M,nofb,1,Gender,303
Cis,nofb,1,Sex,303
NBin,nofb,1,GenderIdentity,303
31,nofb,1,Age,303
NHL,nofb,1,Ethnicity,303
W,nofb,1,Race,303
demos:Demographics:;,nofb,1,TypeResp,304
M,nofb,1,Gender,304
NB,nofb,1,Sex,304
Bin,nofb,1,GenderIdentity,304
33,nofb,1,Age,304
NHL,nofb,1,Ethnicity,304
AA,nofb,1,Race,304
demos:Demographics:;,nofb,1,TypeResp,305
W,nofb,1,Gender,305
NB,nofb,1,Sex,305
Bin,nofb,1,GenderIdentity,305
60,nofb,1,Age,305
HL,nofb,1,Ethnicity,305
W,nofb,1,Race,305
demos:Demographics:;,nofb,1,TypeResp,306
W,nofb,1,Gender,306
Cis,nofb,1,Sex,306
Bin,nofb,1,GenderIdentity,306
22,nofb,1,Age,306
NHL,nofb,1,Ethnicity,306
W,nofb,1,Race,306
demos:Demographics:;,nofb,1,TypeResp,307
M,nofb,1,Gender,307
Cis,nofb,1,Sex,307
Bin,nofb,1,GenderIdentity,307
26,nofb,1,Age,307
HL,nofb,1,Ethnicity,307
L,nofb,1,Race,307
demos:Demographics:;,nofb,1,TypeResp,308
M,nofb,1,Gender,308
Cis,nofb,1,Sex,308
Bin,nofb,1,GenderIdentity,308
27,nofb,1,Age,308
NHL,nofb,1,Ethnicity,308
W,nofb,1,Race,308
demos:Demographics:;,nofb,1,TypeResp,309
M,nofb,1,Gender,309
Cis,nofb,1,Sex,309
Bin,nofb,1,GenderIdentity,309
32,nofb,1,Age,309
NHL,nofb,1,Ethnicity,309
W,nofb,1,Race,309
demos:Demographics:;,nofb,1,TypeResp,310
W,nofb,1,Gender,310
NB,nofb,1,Sex,310
NA,nofb,1,GenderIdentity,310
25,nofb,1,Age,310
NHL,nofb,1,Ethnicity,310
AA,nofb,1,Race,310
demos:Demographics:;,nofb,1,TypeResp,311
W,nofb,1,Gender,311
NB,nofb,1,Sex,311
Bin,nofb,1,GenderIdentity,311
39,nofb,1,Age,311
NHL,nofb,1,Ethnicity,311
W,nofb,1,Race,311
demos:Demographics:;,nofb,1,TypeResp,312
M,nofb,1,Gender,312
NA,nofb,1,Sex,312
NA,nofb,1,GenderIdentity,312
36,nofb,1,Age,312
NHL,nofb,1,Ethnicity,312
W,nofb,1,Race,312
demos:Demographics:;,nofb,1,TypeResp,313
W,nofb,1,Gender,313
NB,nofb,1,Sex,313
Bin,nofb,1,GenderIdentity,313
36,nofb,1,Age,313
NHL,nofb,1,Ethnicity,313
W,nofb,1,Race,313
demos:Demographics:;,nofb,1,TypeResp,314
M,nofb,1,Gender,314
Cis,nofb,1,Sex,314
Bin,nofb,1,GenderIdentity,314
38,nofb,1,Age,314
NHL,nofb,1,Ethnicity,314
W,nofb,1,Race,314
demos:Demographics:;,nofb,1,TypeResp,315
W,nofb,1,Gender,315
Cis,nofb,1,Sex,315
Bin,nofb,1,GenderIdentity,315
45,nofb,1,Age,315
NHL,nofb,1,Ethnicity,315
AA,nofb,1,Race,315
demos:Demographics:;,nofb,1,TypeResp,316
W,nofb,1,Gender,316
NB,nofb,1,Sex,316
Bin,nofb,1,GenderIdentity,316
42,nofb,1,Age,316
NHL,nofb,1,Ethnicity,316
W,nofb,1,Race,316
demos:Demographics:;,nofb,1,TypeResp,317
M,nofb,1,Gender,317
NA,nofb,1,Sex,317
NA,nofb,1,GenderIdentity,317
32,nofb,1,Age,317
NHL,nofb,1,Ethnicity,317
AA,nofb,1,Race,317
demos:Demographics:;,nofb,1,TypeResp,318
M,nofb,1,Gender,318
NA,nofb,1,Sex,318
Bin,nofb,1,GenderIdentity,318
28,nofb,1,Age,318
NHL,nofb,1,Ethnicity,318
W,nofb,1,Race,318
demos:Demographics:;,nofb,1,TypeResp,319
W,nofb,1,Gender,319
Cis,nofb,1,Sex,319
Bin,nofb,1,GenderIdentity,319
59,nofb,1,Age,319
NHL,nofb,1,Ethnicity,319
A,nofb,1,Race,319
demos:Demographics:;,nofb,1,TypeResp,320
W,nofb,1,Gender,320
Cis,nofb,1,Sex,320
Bin,nofb,1,GenderIdentity,320
42,nofb,1,Age,320
NHL,nofb,1,Ethnicity,320
W,nofb,1,Race,320
demos:Demographics:;,nofb,1,TypeResp,321
M,nofb,1,Gender,321
Cis,nofb,1,Sex,321
NBin,nofb,1,GenderIdentity,321
38,nofb,1,Age,321
NHL,nofb,1,Ethnicity,321
W,nofb,1,Race,321
demos:Demographics:;,nofb,1,TypeResp,322
M,nofb,1,Gender,322
Cis,nofb,1,Sex,322
NA,nofb,1,GenderIdentity,322
30,nofb,1,Age,322
NHL,nofb,1,Ethnicity,322
W,nofb,1,Race,322
demos:Demographics:;,nofb,1,TypeResp,323
W,nofb,1,Gender,323
Cis,nofb,1,Sex,323
NA,nofb,1,GenderIdentity,323
29,nofb,1,Age,323
NHL,nofb,1,Ethnicity,323
W,nofb,1,Race,323
demos:Demographics:;,nofb,1,TypeResp,324
M,nofb,1,Gender,324
Cis,nofb,1,Sex,324
NA,nofb,1,GenderIdentity,324
28,nofb,1,Age,324
NHL,nofb,1,Ethnicity,324
W,nofb,1,Race,324
demos:Demographics:;,nofb,1,TypeResp,325
W,nofb,1,Gender,325
NA,nofb,1,Sex,325
NBin,nofb,1,GenderIdentity,325
33,nofb,1,Age,325
NHL,nofb,1,Ethnicity,325
W,nofb,1,Race,325
demos:Demographics:;,nofb,1,TypeResp,326
M,nofb,1,Gender,326
Cis,nofb,1,Sex,326
Bin,nofb,1,GenderIdentity,326
53,nofb,1,Age,326
HL,nofb,1,Ethnicity,326
W,nofb,1,Race,326
demos:Demographics:;,nofb,1,TypeResp,327
W,nofb,1,Gender,327
Cis,nofb,1,Sex,327
NA,nofb,1,GenderIdentity,327
32,nofb,1,Age,327
HL,nofb,1,Ethnicity,327
M,nofb,1,Race,327
demos:Demographics:;,nofb,1,TypeResp,328
W,nofb,1,Gender,328
NB,nofb,1,Sex,328
Bin,nofb,1,GenderIdentity,328
50,nofb,1,Age,328
NHL,nofb,1,Ethnicity,328
W,nofb,1,Race,328
demos:Demographics:;,nofb,1,TypeResp,329
W,nofb,1,Gender,329
Cis,nofb,1,Sex,329
Bin,nofb,1,GenderIdentity,329
46,nofb,1,Age,329
NHL,nofb,1,Ethnicity,329
W,nofb,1,Race,329
demos:Demographics:;,nofb,1,TypeResp,330
W,nofb,1,Gender,330
Cis,nofb,1,Sex,330
NBin,nofb,1,GenderIdentity,330
32,nofb,1,Age,330
NHL,nofb,1,Ethnicity,330
W,nofb,1,Race,330
demos:Demographics:;,nofb,1,TypeResp,331
M,nofb,1,Gender,331
NB,nofb,1,Sex,331
Bin,nofb,1,GenderIdentity,331
30,nofb,1,Age,331
HL,nofb,1,Ethnicity,331
M,nofb,1,Race,331
demos:Demographics:;,nofb,1,TypeResp,332
M,nofb,1,Gender,332
Cis,nofb,1,Sex,332
Bin,nofb,1,GenderIdentity,332
31,nofb,1,Age,332
NHL,nofb,1,Ethnicity,332
A,nofb,1,Race,332
demos:Demographics:;,nofb,1,TypeResp,333
W,nofb,1,Gender,333
NA,nofb,1,Sex,333
NA,nofb,1,GenderIdentity,333
30,nofb,1,Age,333
NHL,nofb,1,Ethnicity,333
W,nofb,1,Race,333
demos:Demographics:;,nofb,1,TypeResp,334
M,nofb,1,Gender,334
NB,nofb,1,Sex,334
Bin,nofb,1,GenderIdentity,334
41,nofb,1,Age,334
NHL,nofb,1,Ethnicity,334
W,nofb,1,Race,334
demos:Demographics:;,nofb,1,TypeResp,335
M,nofb,1,Gender,335
Cis,nofb,1,Sex,335
NBin,nofb,1,GenderIdentity,335
30,nofb,1,Age,335
NHL,nofb,1,Ethnicity,335
W,nofb,1,Race,335
demos:Demographics:;,nofb,1,TypeResp,336
M,nofb,1,Gender,336
Cis,nofb,1,Sex,336
Bin,nofb,1,GenderIdentity,336
31,nofb,1,Age,336
NHL,nofb,1,Ethnicity,336
W,nofb,1,Race,336
demos:Demographics:;,nofb,1,TypeResp,337
M,nofb,1,Gender,337
Cis,nofb,1,Sex,337
Bin,nofb,1,GenderIdentity,337
30,nofb,1,Age,337
NHL,nofb,1,Ethnicity,337
W,nofb,1,Race,337
demos:Demographics:;,nofb,1,TypeResp,338
W,nofb,1,Gender,338
Cis,nofb,1,Sex,338
NBin,nofb,1,GenderIdentity,338
30,nofb,1,Age,338
NHL,nofb,1,Ethnicity,338
W,nofb,1,Race,338
demos:Demographics:;,nofb,1,TypeResp,339
W,nofb,1,Gender,339
Cis,nofb,1,Sex,339
Bin,nofb,1,GenderIdentity,339
31,nofb,1,Age,339
NHL,nofb,1,Ethnicity,339
W,nofb,1,Race,339
demos:Demographics:;,nofb,1,TypeResp,340
M,nofb,1,Gender,340
Cis,nofb,1,Sex,340
NBin,nofb,1,GenderIdentity,340
67,nofb,1,Age,340
NHL,nofb,1,Ethnicity,340
W,nofb,1,Race,340
demos:Demographics:;,nofb,1,TypeResp,341
W,nofb,1,Gender,341
Cis,nofb,1,Sex,341
Bin,nofb,1,GenderIdentity,341
30,nofb,1,Age,341
NHL,nofb,1,Ethnicity,341
W,nofb,1,Race,341
demos:Demographics:;,nofb,1,TypeResp,342
M,nofb,1,Gender,342
Cis,nofb,1,Sex,342
Bin,nofb,1,GenderIdentity,342
22,nofb,1,Age,342
NHL,nofb,1,Ethnicity,342
W,nofb,1,Race,342
demos:Demographics:;,nofb,1,TypeResp,343
W,nofb,1,Gender,343
NA,nofb,1,Sex,343
NA,nofb,1,GenderIdentity,343
42,nofb,1,Age,343
NHL,nofb,1,Ethnicity,343
W,nofb,1,Race,343
demos:Demographics:;,nofb,1,TypeResp,344
W,nofb,1,Gender,344
NA,nofb,1,Sex,344
Bin,nofb,1,GenderIdentity,344
35,nofb,1,Age,344
NA,nofb,1,Ethnicity,344
W,nofb,1,Race,344
demos:Demographics:;,nofb,1,TypeResp,345
W,nofb,1,Gender,345
NB,nofb,1,Sex,345
Bin,nofb,1,GenderIdentity,345
38,nofb,1,Age,345
NHL,nofb,1,Ethnicity,345
W,nofb,1,Race,345
demos:Demographics:;,nofb,1,TypeResp,346
M,nofb,1,Gender,346
NA,nofb,1,Sex,346
NA,nofb,1,GenderIdentity,346
32,nofb,1,Age,346
NHL,nofb,1,Ethnicity,346
W,nofb,1,Race,346
demos:Demographics:;,nofb,1,TypeResp,347
W,nofb,1,Gender,347
Cis,nofb,1,Sex,347
Bin,nofb,1,GenderIdentity,347
32,nofb,1,Age,347
NHL,nofb,1,Ethnicity,347
W,nofb,1,Race,347
demos:Demographics:;,nofb,1,TypeResp,348
M,nofb,1,Gender,348
Cis,nofb,1,Sex,348
Bin,nofb,1,GenderIdentity,348
32,nofb,1,Age,348
NHL,nofb,1,Ethnicity,348
W,nofb,1,Race,348
demos:Demographics:;,nofb,1,TypeResp,349
W,nofb,1,Gender,349
Cis,nofb,1,Sex,349
NBin,nofb,1,GenderIdentity,349
29,nofb,1,Age,349
NHL,nofb,1,Ethnicity,349
W,nofb,1,Race,349
demos:Demographics:;,nofb,1,TypeResp,350
M,nofb,1,Gender,350
Cis,nofb,1,Sex,350
Bin,nofb,1,GenderIdentity,350
33,nofb,1,Age,350
HL,nofb,1,Ethnicity,350
AA,nofb,1,Race,350
demos:Demographics:;,nofb,1,TypeResp,351
W,nofb,1,Gender,351
Cis,nofb,1,Sex,351
Bin,nofb,1,GenderIdentity,351
44,nofb,1,Age,351
NHL,nofb,1,Ethnicity,351
W,nofb,1,Race,351
demos:Demographics:;,nofb,1,TypeResp,352
W,nofb,1,Gender,352
Cis,nofb,1,Sex,352
Bin,nofb,1,GenderIdentity,352
27,nofb,1,Age,352
NHL,nofb,1,Ethnicity,352
W,nofb,1,Race,352
demos:Demographics:;,nofb,1,TypeResp,353
M,nofb,1,Gender,353
Cis,nofb,1,Sex,353
NBin,nofb,1,GenderIdentity,353
32,nofb,1,Age,353
NHL,nofb,1,Ethnicity,353
AA,nofb,1,Race,353
demos:Demographics:;,nofb,1,TypeResp,354
W,nofb,1,Gender,354
Cis,nofb,1,Sex,354
Bin,nofb,1,GenderIdentity,354
34,nofb,1,Age,354
NHL,nofb,1,Ethnicity,354
W,nofb,1,Race,354
demos:Demographics:;,nofb,1,TypeResp,355
M,nofb,1,Gender,355
Cis,nofb,1,Sex,355
Bin,nofb,1,GenderIdentity,355
35,nofb,1,Age,355
NHL,nofb,1,Ethnicity,355
W,nofb,1,Race,355
demos:Demographics:;,nofb,1,TypeResp,356
W,nofb,1,Gender,356
Cis,nofb,1,Sex,356
Bin,nofb,1,GenderIdentity,356
53,nofb,1,Age,356
NHL,nofb,1,Ethnicity,356
W,nofb,1,Race,356
demos:Demographics:;,nofb,1,TypeResp,357
M,nofb,1,Gender,357
Cis,nofb,1,Sex,357
Bin,nofb,1,GenderIdentity,357
35,nofb,1,Age,357
NHL,nofb,1,Ethnicity,357
W,nofb,1,Race,357
demos:Demographics:;,nofb,1,TypeResp,358
M,nofb,1,Gender,358
Cis,nofb,1,Sex,358
NA,nofb,1,GenderIdentity,358
29,nofb,1,Age,358
NHL,nofb,1,Ethnicity,358
W,nofb,1,Race,358
demos:Demographics:;,nofb,1,TypeResp,359
W,nofb,1,Gender,359
NA,nofb,1,Sex,359
Bin,nofb,1,GenderIdentity,359
48,nofb,1,Age,359
NHL,nofb,1,Ethnicity,359
W,nofb,1,Race,359
demos:Demographics:;,nofb,1,TypeResp,360
M,nofb,1,Gender,360
Cis,nofb,1,Sex,360
Bin,nofb,1,GenderIdentity,360
44,nofb,1,Age,360
NHL,nofb,1,Ethnicity,360
W,nofb,1,Race,360
demos:Demographics:;,nofb,1,TypeResp,361
M,nofb,1,Gender,361
NB,nofb,1,Sex,361
Bin,nofb,1,GenderIdentity,361
30,nofb,1,Age,361
NHL,nofb,1,Ethnicity,361
W,nofb,1,Race,361
demos:Demographics:;,nofb,1,TypeResp,362
W,nofb,1,Gender,362
NA,nofb,1,Sex,362
Bin,nofb,1,GenderIdentity,362
55,nofb,1,Age,362
NHL,nofb,1,Ethnicity,362
AI,nofb,1,Race,362
demos:Demographics:;,nofb,1,TypeResp,363
M,nofb,1,Gender,363
Cis,nofb,1,Sex,363
Bin,nofb,1,GenderIdentity,363
23,nofb,1,Age,363
HL,nofb,1,Ethnicity,363
M,nofb,1,Race,363
demos:Demographics:;,nofb,1,TypeResp,364
W,nofb,1,Gender,364
Cis,nofb,1,Sex,364
Bin,nofb,1,GenderIdentity,364
35,nofb,1,Age,364
NHL,nofb,1,Ethnicity,364
W,nofb,1,Race,364
demos:Demographics:;,nofb,1,TypeResp,365
M,nofb,1,Gender,365
NB,nofb,1,Sex,365
NA,nofb,1,GenderIdentity,365
29,nofb,1,Age,365
NHL,nofb,1,Ethnicity,365
A,nofb,1,Race,365
demos:Demographics:;,nofb,1,TypeResp,366
W,nofb,1,Gender,366
Cis,nofb,1,Sex,366
Bin,nofb,1,GenderIdentity,366
28,nofb,1,Age,366
NHL,nofb,1,Ethnicity,366
W,nofb,1,Race,366
demos:Demographics:;,nofb,1,TypeResp,367
W,nofb,1,Gender,367
Cis,nofb,1,Sex,367
NBin,nofb,1,GenderIdentity,367
56,nofb,1,Age,367
NHL,nofb,1,Ethnicity,367
W,nofb,1,Race,367
demos:Demographics:;,nofb,1,TypeResp,368
M,nofb,1,Gender,368
NB,nofb,1,Sex,368
Bin,nofb,1,GenderIdentity,368
31,nofb,1,Age,368
NHL,nofb,1,Ethnicity,368
W,nofb,1,Race,368
demos:Demographics:;,nofb,1,TypeResp,369
M,nofb,1,Gender,369
NA,nofb,1,Sex,369
NA,nofb,1,GenderIdentity,369
30,nofb,1,Age,369
NHL,nofb,1,Ethnicity,369
W,nofb,1,Race,369
demos:Demographics:;,nofb,1,TypeResp,370
W,nofb,1,Gender,370
Cis,nofb,1,Sex,370
Bin,nofb,1,GenderIdentity,370
36,nofb,1,Age,370
HL,nofb,1,Ethnicity,370
W,nofb,1,Race,370
demos:Demographics:;,nofb,1,TypeResp,371
M,nofb,1,Gender,371
Cis,nofb,1,Sex,371
Bin,nofb,1,GenderIdentity,371
62,nofb,1,Age,371
HL,nofb,1,Ethnicity,371
W,nofb,1,Race,371
demos:Demographics:;,nofb,1,TypeResp,372
M,nofb,1,Gender,372
NB,nofb,1,Sex,372
NA,nofb,1,GenderIdentity,372
30,nofb,1,Age,372
NHL,nofb,1,Ethnicity,372
W,nofb,1,Race,372
demos:Demographics:;,nofb,1,TypeResp,373
W,nofb,1,Gender,373
NB,nofb,1,Sex,373
Bin,nofb,1,GenderIdentity,373
30,nofb,1,Age,373
HL,nofb,1,Ethnicity,373
AI,nofb,1,Race,373
demos:Demographics:;,nofb,1,TypeResp,374
M,nofb,1,Gender,374
Cis,nofb,1,Sex,374
Bin,nofb,1,GenderIdentity,374
29,nofb,1,Age,374
NHL,nofb,1,Ethnicity,374
W,nofb,1,Race,374
demos:Demographics:;,nofb,1,TypeResp,375
M,nofb,1,Gender,375
Cis,nofb,1,Sex,375
Bin,nofb,1,GenderIdentity,375
50,nofb,1,Age,375
NHL,nofb,1,Ethnicity,375
W,nofb,1,Race,375
demos:Demographics:;,nofb,1,TypeResp,376
M,nofb,1,Gender,376
Cis,nofb,1,Sex,376
Bin,nofb,1,GenderIdentity,376
42,nofb,1,Age,376
NHL,nofb,1,Ethnicity,376
W,nofb,1,Race,376
demos:Demographics:;,nofb,1,TypeResp,377
M,nofb,1,Gender,377
Cis,nofb,1,Sex,377
Bin,nofb,1,GenderIdentity,377
21,nofb,1,Age,377
NHL,nofb,1,Ethnicity,377
W,nofb,1,Race,377
demos:Demographics:;,nofb,1,TypeResp,378
M,nofb,1,Gender,378
NB,nofb,1,Sex,378
Bin,nofb,1,GenderIdentity,378
55,nofb,1,Age,378
NHL,nofb,1,Ethnicity,378
W,nofb,1,Race,378
demos:Demographics:;,nofb,2,TypeResp,379
W,nofb,2,Gender,379
Cis,nofb,2,Sex,379
Bin,nofb,2,GenderIdentity,379
18,nofb,2,Age,379
NHL,nofb,2,Ethnicity,379
M,nofb,2,Race,379
demos:Demographics:;,nofb,2,TypeResp,380
W,nofb,2,Gender,380
Cis,nofb,2,Sex,380
Bin,nofb,2,GenderIdentity,380
19,nofb,2,Age,380
NHL,nofb,2,Ethnicity,380
A,nofb,2,Race,380
demos:Demographics:;,nofb,2,TypeResp,381
M,nofb,2,Gender,381
Cis,nofb,2,Sex,381
NA,nofb,2,GenderIdentity,381
18,nofb,2,Age,381
NHL,nofb,2,Ethnicity,381
W,nofb,2,Race,381
demos:Demographics:;,nofb,2,TypeResp,382
W,nofb,2,Gender,382
Cis,nofb,2,Sex,382
Bin,nofb,2,GenderIdentity,382
19,nofb,2,Age,382
NHL,nofb,2,Ethnicity,382
AA,nofb,2,Race,382
demos:Demographics:;,nofb,2,TypeResp,383
W,nofb,2,Gender,383
Cis,nofb,2,Sex,383
Bin,nofb,2,GenderIdentity,383
18,nofb,2,Age,383
NHL,nofb,2,Ethnicity,383
A,nofb,2,Race,383
demos:Demographics:;,nofb,2,TypeResp,384
W,nofb,2,Gender,384
Cis,nofb,2,Sex,384
Bin,nofb,2,GenderIdentity,384
19,nofb,2,Age,384
NHL,nofb,2,Ethnicity,384
A,nofb,2,Race,384
demos:Demographics:;,nofb,2,TypeResp,385
W,nofb,2,Gender,385
Cis,nofb,2,Sex,385
Bin,nofb,2,GenderIdentity,385
19,nofb,2,Age,385
NHL,nofb,2,Ethnicity,385
A,nofb,2,Race,385
demos:Demographics:;,nofb,2,TypeResp,386
W,nofb,2,Gender,386
Cis,nofb,2,Sex,386
Bin,nofb,2,GenderIdentity,386
18,nofb,2,Age,386
NHL,nofb,2,Ethnicity,386
A,nofb,2,Race,386
demos:Demographics:;,nofb,2,TypeResp,387
M,nofb,2,Gender,387
Cis,nofb,2,Sex,387
Bin,nofb,2,GenderIdentity,387
19,nofb,2,Age,387
NHL,nofb,2,Ethnicity,387
A,nofb,2,Race,387
demos:Demographics:;,nofb,2,TypeResp,388
M,nofb,2,Gender,388
Cis,nofb,2,Sex,388
Bin,nofb,2,GenderIdentity,388
20,nofb,2,Age,388
NHL,nofb,2,Ethnicity,388
A,nofb,2,Race,388
demos:Demographics:;,nofb,2,TypeResp,389
W,nofb,2,Gender,389
Cis,nofb,2,Sex,389
Bin,nofb,2,GenderIdentity,389
18,nofb,2,Age,389
HL,nofb,2,Ethnicity,389
W,nofb,2,Race,389
demos:Demographics:;,nofb,2,TypeResp,390
W,nofb,2,Gender,390
Cis,nofb,2,Sex,390
Bin,nofb,2,GenderIdentity,390
18,nofb,2,Age,390
NHL,nofb,2,Ethnicity,390
W,nofb,2,Race,390
demos:Demographics:;,nofb,2,TypeResp,391
M,nofb,2,Gender,391
Cis,nofb,2,Sex,391
Bin,nofb,2,GenderIdentity,391
19,nofb,2,Age,391
HL,nofb,2,Ethnicity,391
W,nofb,2,Race,391
demos:Demographics:;,nofb,2,TypeResp,392
W,nofb,2,Gender,392
Cis,nofb,2,Sex,392
Bin,nofb,2,GenderIdentity,392
18,nofb,2,Age,392
NHL,nofb,2,Ethnicity,392
W,nofb,2,Race,392
demos:Demographics:;,nofb,2,TypeResp,393
M,nofb,2,Gender,393
Cis,nofb,2,Sex,393
Bin,nofb,2,GenderIdentity,393
19,nofb,2,Age,393
NHL,nofb,2,Ethnicity,393
A,nofb,2,Race,393
demos:Demographics:;,nofb,2,TypeResp,394
W,nofb,2,Gender,394
Cis,nofb,2,Sex,394
Bin,nofb,2,GenderIdentity,394
19,nofb,2,Age,394
NHL,nofb,2,Ethnicity,394
AA,nofb,2,Race,394
demos:Demographics:;,nofb,2,TypeResp,395
W,nofb,2,Gender,395
Cis,nofb,2,Sex,395
NBin,nofb,2,GenderIdentity,395
20,nofb,2,Age,395
NA,nofb,2,Ethnicity,395
M,nofb,2,Race,395
demos:Demographics:;,nofb,2,TypeResp,396
W,nofb,2,Gender,396
Cis,nofb,2,Sex,396
Bin,nofb,2,GenderIdentity,396
20,nofb,2,Age,396
HL,nofb,2,Ethnicity,396
W,nofb,2,Race,396
demos:Demographics:;,nofb,2,TypeResp,397
M,nofb,2,Gender,397
Cis,nofb,2,Sex,397
Bin,nofb,2,GenderIdentity,397
19,nofb,2,Age,397
NHL,nofb,2,Ethnicity,397
A,nofb,2,Race,397
demos:Demographics:;,nofb,2,TypeResp,398
M,nofb,2,Gender,398
Cis,nofb,2,Sex,398
Bin,nofb,2,GenderIdentity,398
19,nofb,2,Age,398
NHL,nofb,2,Ethnicity,398
A,nofb,2,Race,398
demos:Demographics:;,nofb,2,TypeResp,399
NA,nofb,2,Gender,399
NA,nofb,2,Sex,399
NA,nofb,2,GenderIdentity,399
18,nofb,2,Age,399
NA,nofb,2,Ethnicity,399
NA,nofb,2,Race,399
demos:Demographics:;,nofb,2,TypeResp,400
M,nofb,2,Gender,400
Cis,nofb,2,Sex,400
Bin,nofb,2,GenderIdentity,400
20,nofb,2,Age,400
NHL,nofb,2,Ethnicity,400
W,nofb,2,Race,400
demos:Demographics:;,nofb,2,TypeResp,401
W,nofb,2,Gender,401
Cis,nofb,2,Sex,401
Bin,nofb,2,GenderIdentity,401
20,nofb,2,Age,401
NA,nofb,2,Ethnicity,401
A,nofb,2,Race,401
demos:Demographics:;,nofb,2,TypeResp,402
M,nofb,2,Gender,402
Cis,nofb,2,Sex,402
Bin,nofb,2,GenderIdentity,402
18,nofb,2,Age,402
NHL,nofb,2,Ethnicity,402
A,nofb,2,Race,402
demos:Demographics:;,nofb,2,TypeResp,403
M,nofb,2,Gender,403
NB,nofb,2,Sex,403
Bin,nofb,2,GenderIdentity,403
18,nofb,2,Age,403
NHL,nofb,2,Ethnicity,403
W,nofb,2,Race,403
demos:Demographics:;,nofb,2,TypeResp,404
W,nofb,2,Gender,404
Cis,nofb,2,Sex,404
Bin,nofb,2,GenderIdentity,404
20,nofb,2,Age,404
NHL,nofb,2,Ethnicity,404
W,nofb,2,Race,404
demos:Demographics:;,nofb,2,TypeResp,405
M,nofb,2,Gender,405
Cis,nofb,2,Sex,405
Bin,nofb,2,GenderIdentity,405
20,nofb,2,Age,405
NHL,nofb,2,Ethnicity,405
W,nofb,2,Race,405
demos:Demographics:;,nofb,2,TypeResp,406
W,nofb,2,Gender,406
Cis,nofb,2,Sex,406
NA,nofb,2,GenderIdentity,406
19,nofb,2,Age,406
NHL,nofb,2,Ethnicity,406
W,nofb,2,Race,406
demos:Demographics:;,nofb,2,TypeResp,407
M,nofb,2,Gender,407
Cis,nofb,2,Sex,407
Bin,nofb,2,GenderIdentity,407
18,nofb,2,Age,407
NHL,nofb,2,Ethnicity,407
W,nofb,2,Race,407
demos:Demographics:;,nofb,2,TypeResp,408
M,nofb,2,Gender,408
Cis,nofb,2,Sex,408
Bin,nofb,2,GenderIdentity,408
19,nofb,2,Age,408
NA,nofb,2,Ethnicity,408
AA,nofb,2,Race,408
demos:Demographics:;,nofb,2,TypeResp,409
M,nofb,2,Gender,409
Cis,nofb,2,Sex,409
Bin,nofb,2,GenderIdentity,409
19,nofb,2,Age,409
NHL,nofb,2,Ethnicity,409
W,nofb,2,Race,409
demos:Demographics:;,nofb,2,TypeResp,410
M,nofb,2,Gender,410
Cis,nofb,2,Sex,410
Bin,nofb,2,GenderIdentity,410
18,nofb,2,Age,410
NHL,nofb,2,Ethnicity,410
A,nofb,2,Race,410
demos:Demographics:;,nofb,2,TypeResp,411
W,nofb,2,Gender,411
Cis,nofb,2,Sex,411
Bin,nofb,2,GenderIdentity,411
18,nofb,2,Age,411
NHL,nofb,2,Ethnicity,411
A,nofb,2,Race,411
demos:Demographics:;,nofb,2,TypeResp,412
W,nofb,2,Gender,412
Cis,nofb,2,Sex,412
Bin,nofb,2,GenderIdentity,412
19,nofb,2,Age,412
HL,nofb,2,Ethnicity,412
W,nofb,2,Race,412
demos:Demographics:;,nofb,2,TypeResp,413
NA,nofb,2,Gender,413
Cis,nofb,2,Sex,413
Bin,nofb,2,GenderIdentity,413
18,nofb,2,Age,413
NA,nofb,2,Ethnicity,413
NA,nofb,2,Race,413
demos:Demographics:;,nofb,2,TypeResp,414
W,nofb,2,Gender,414
Cis,nofb,2,Sex,414
Bin,nofb,2,GenderIdentity,414
21,nofb,2,Age,414
NHL,nofb,2,Ethnicity,414
A,nofb,2,Race,414
demos:Demographics:;,nofb,2,TypeResp,415
W,nofb,2,Gender,415
NB,nofb,2,Sex,415
Bin,nofb,2,GenderIdentity,415
18,nofb,2,Age,415
NHL,nofb,2,Ethnicity,415
W,nofb,2,Race,415
demos:Demographics:;,nofb,2,TypeResp,416
W,nofb,2,Gender,416
Cis,nofb,2,Sex,416
Bin,nofb,2,GenderIdentity,416
19,nofb,2,Age,416
NHL,nofb,2,Ethnicity,416
A,nofb,2,Race,416
demos:Demographics:;,nofb,2,TypeResp,417
W,nofb,2,Gender,417
Cis,nofb,2,Sex,417
Bin,nofb,2,GenderIdentity,417
21,nofb,2,Age,417
HL,nofb,2,Ethnicity,417
W,nofb,2,Race,417
demos:Demographics:;,nofb,2,TypeResp,418
M,nofb,2,Gender,418
Cis,nofb,2,Sex,418
Bin,nofb,2,GenderIdentity,418
23,nofb,2,Age,418
NA,nofb,2,Ethnicity,418
A,nofb,2,Race,418
demos:Demographics:;,nofb,2,TypeResp,419
M,nofb,2,Gender,419
Cis,nofb,2,Sex,419
Bin,nofb,2,GenderIdentity,419
19,nofb,2,Age,419
NHL,nofb,2,Ethnicity,419
M,nofb,2,Race,419
demos:Demographics:;,nofb,2,TypeResp,420
W,nofb,2,Gender,420
Cis,nofb,2,Sex,420
Bin,nofb,2,GenderIdentity,420
18,nofb,2,Age,420
NHL,nofb,2,Ethnicity,420
A,nofb,2,Race,420
demos:Demographics:;,nofb,2,TypeResp,421
M,nofb,2,Gender,421
NB,nofb,2,Sex,421
NBin,nofb,2,GenderIdentity,421
19,nofb,2,Age,421
NHL,nofb,2,Ethnicity,421
A,nofb,2,Race,421
demos:Demographics:;,nofb,2,TypeResp,422
W,nofb,2,Gender,422
Cis,nofb,2,Sex,422
Bin,nofb,2,GenderIdentity,422
19,nofb,2,Age,422
NHL,nofb,2,Ethnicity,422
W,nofb,2,Race,422
demos:Demographics:;,nofb,2,TypeResp,423
M,nofb,2,Gender,423
Cis,nofb,2,Sex,423
Bin,nofb,2,GenderIdentity,423
19,nofb,2,Age,423
HL,nofb,2,Ethnicity,423
M,nofb,2,Race,423
demos:Demographics:;,nofb,2,TypeResp,424
W,nofb,2,Gender,424
Cis,nofb,2,Sex,424
Bin,nofb,2,GenderIdentity,424
21,nofb,2,Age,424
NHL,nofb,2,Ethnicity,424
W,nofb,2,Race,424
demos:Demographics:;,nofb,2,TypeResp,425
W,nofb,2,Gender,425
Cis,nofb,2,Sex,425
NA,nofb,2,GenderIdentity,425
18,nofb,2,Age,425
NHL,nofb,2,Ethnicity,425
W,nofb,2,Race,425
demos:Demographics:;,nofb,2,TypeResp,426
W,nofb,2,Gender,426
Cis,nofb,2,Sex,426
Bin,nofb,2,GenderIdentity,426
20,nofb,2,Age,426
NHL,nofb,2,Ethnicity,426
W,nofb,2,Race,426
demos:Demographics:;,nofb,2,TypeResp,427
W,nofb,2,Gender,427
Cis,nofb,2,Sex,427
Bin,nofb,2,GenderIdentity,427
18,nofb,2,Age,427
NHL,nofb,2,Ethnicity,427
W,nofb,2,Race,427
demos:Demographics:;,nofb,2,TypeResp,428
M,nofb,2,Gender,428
Cis,nofb,2,Sex,428
Bin,nofb,2,GenderIdentity,428
20,nofb,2,Age,428
NHL,nofb,2,Ethnicity,428
W,nofb,2,Race,428
demos:Demographics:;,nofb,2,TypeResp,429
W,nofb,2,Gender,429
Cis,nofb,2,Sex,429
NA,nofb,2,GenderIdentity,429
18,nofb,2,Age,429
HL,nofb,2,Ethnicity,429
W,nofb,2,Race,429
demos:Demographics:;,nofb,2,TypeResp,430
NA,nofb,2,Gender,430
NB,nofb,2,Sex,430
NBin,nofb,2,GenderIdentity,430
19,nofb,2,Age,430
NHL,nofb,2,Ethnicity,430
AA,nofb,2,Race,430
demos:Demographics:;,nofb,2,TypeResp,431
M,nofb,2,Gender,431
Cis,nofb,2,Sex,431
Bin,nofb,2,GenderIdentity,431
22,nofb,2,Age,431
NHL,nofb,2,Ethnicity,431
A,nofb,2,Race,431
demos:Demographics:;,nofb,2,TypeResp,432
W,nofb,2,Gender,432
Cis,nofb,2,Sex,432
Bin,nofb,2,GenderIdentity,432
19,nofb,2,Age,432
HL,nofb,2,Ethnicity,432
L,nofb,2,Race,432
demos:Demographics:;,nofb,2,TypeResp,433
W,nofb,2,Gender,433
Cis,nofb,2,Sex,433
NA,nofb,2,GenderIdentity,433
18,nofb,2,Age,433
NHL,nofb,2,Ethnicity,433
AI,nofb,2,Race,433
demos:Demographics:;,nofb,2,TypeResp,434
W,nofb,2,Gender,434
Cis,nofb,2,Sex,434
Bin,nofb,2,GenderIdentity,434
18,nofb,2,Age,434
NHL,nofb,2,Ethnicity,434
M,nofb,2,Race,434
demos:Demographics:;,nofb,2,TypeResp,435
M,nofb,2,Gender,435
Cis,nofb,2,Sex,435
Bin,nofb,2,GenderIdentity,435
18,nofb,2,Age,435
NHL,nofb,2,Ethnicity,435
A,nofb,2,Race,435
demos:Demographics:;,nofb,2,TypeResp,436
M,nofb,2,Gender,436
Cis,nofb,2,Sex,436
Bin,nofb,2,GenderIdentity,436
18,nofb,2,Age,436
NHL,nofb,2,Ethnicity,436
M,nofb,2,Race,436
demos:Demographics:;,nofb,2,TypeResp,437
M,nofb,2,Gender,437
Cis,nofb,2,Sex,437
Bin,nofb,2,GenderIdentity,437
19,nofb,2,Age,437
NHL,nofb,2,Ethnicity,437
A,nofb,2,Race,437
demos:Demographics:;,nofb,2,TypeResp,438
W,nofb,2,Gender,438
Cis,nofb,2,Sex,438
Bin,nofb,2,GenderIdentity,438
18,nofb,2,Age,438
NHL,nofb,2,Ethnicity,438
W,nofb,2,Race,438
demos:Demographics:;,nofb,2,TypeResp,439
W,nofb,2,Gender,439
Cis,nofb,2,Sex,439
Bin,nofb,2,GenderIdentity,439
18,nofb,2,Age,439
NHL,nofb,2,Ethnicity,439
W,nofb,2,Race,439
demos:Demographics:;,nofb,2,TypeResp,440
M,nofb,2,Gender,440
Cis,nofb,2,Sex,440
Bin,nofb,2,GenderIdentity,440
19,nofb,2,Age,440
NHL,nofb,2,Ethnicity,440
W,nofb,2,Race,440
demos:Demographics:;,nofb,2,TypeResp,441
W,nofb,2,Gender,441
Cis,nofb,2,Sex,441
Bin,nofb,2,GenderIdentity,441
20,nofb,2,Age,441
NHL,nofb,2,Ethnicity,441
A,nofb,2,Race,441
demos:Demographics:;,nofb,2,TypeResp,442
W,nofb,2,Gender,442
Cis,nofb,2,Sex,442
Bin,nofb,2,GenderIdentity,442
18,nofb,2,Age,442
NHL,nofb,2,Ethnicity,442
A,nofb,2,Race,442
demos:Demographics:;,nofb,2,TypeResp,443
M,nofb,2,Gender,443
Cis,nofb,2,Sex,443
Bin,nofb,2,GenderIdentity,443
18,nofb,2,Age,443
NHL,nofb,2,Ethnicity,443
A,nofb,2,Race,443
demos:Demographics:;,nofb,2,TypeResp,444
W,nofb,2,Gender,444
Cis,nofb,2,Sex,444
Bin,nofb,2,GenderIdentity,444
18,nofb,2,Age,444
HL,nofb,2,Ethnicity,444
L,nofb,2,Race,444
demos:Demographics:;,nofb,2,TypeResp,445
M,nofb,2,Gender,445
Cis,nofb,2,Sex,445
Bin,nofb,2,GenderIdentity,445
18,nofb,2,Age,445
NHL,nofb,2,Ethnicity,445
W,nofb,2,Race,445
demos:Demographics:;,nofb,2,TypeResp,446
M,nofb,2,Gender,446
Cis,nofb,2,Sex,446
Bin,nofb,2,GenderIdentity,446
20,nofb,2,Age,446
NHL,nofb,2,Ethnicity,446
A,nofb,2,Race,446
demos:Demographics:;,nofb,2,TypeResp,447
M,nofb,2,Gender,447
Cis,nofb,2,Sex,447
Bin,nofb,2,GenderIdentity,447
18,nofb,2,Age,447
NHL,nofb,2,Ethnicity,447
W,nofb,2,Race,447
demos:Demographics:;,nofb,2,TypeResp,448
W,nofb,2,Gender,448
Cis,nofb,2,Sex,448
NBin,nofb,2,GenderIdentity,448
19,nofb,2,Age,448
NHL,nofb,2,Ethnicity,448
A,nofb,2,Race,448
demos:Demographics:;,nofb,2,TypeResp,449
W,nofb,2,Gender,449
Cis,nofb,2,Sex,449
Bin,nofb,2,GenderIdentity,449
20,nofb,2,Age,449
NHL,nofb,2,Ethnicity,449
A,nofb,2,Race,449
demos:Demographics:;,nofb,2,TypeResp,450
M,nofb,2,Gender,450
NA,nofb,2,Sex,450
NA,nofb,2,GenderIdentity,450
19,nofb,2,Age,450
NA,nofb,2,Ethnicity,450
A,nofb,2,Race,450
demos:Demographics:;,nofb,2,TypeResp,451
M,nofb,2,Gender,451
Cis,nofb,2,Sex,451
Bin,nofb,2,GenderIdentity,451
22,nofb,2,Age,451
NHL,nofb,2,Ethnicity,451
AA,nofb,2,Race,451
demos:Demographics:;,nofb,2,TypeResp,452
M,nofb,2,Gender,452
Cis,nofb,2,Sex,452
Bin,nofb,2,GenderIdentity,452
19,nofb,2,Age,452
NHL,nofb,2,Ethnicity,452
A,nofb,2,Race,452
demos:Demographics:;,nofb,2,TypeResp,453
M,nofb,2,Gender,453
Cis,nofb,2,Sex,453
NA,nofb,2,GenderIdentity,453
18,nofb,2,Age,453
NHL,nofb,2,Ethnicity,453
W,nofb,2,Race,453
demos:Demographics:;,nofb,2,TypeResp,454
W,nofb,2,Gender,454
Cis,nofb,2,Sex,454
Bin,nofb,2,GenderIdentity,454
19,nofb,2,Age,454
NHL,nofb,2,Ethnicity,454
W,nofb,2,Race,454
demos:Demographics:;,nofb,2,TypeResp,455
W,nofb,2,Gender,455
Cis,nofb,2,Sex,455
Bin,nofb,2,GenderIdentity,455
19,nofb,2,Age,455
HL,nofb,2,Ethnicity,455
M,nofb,2,Race,455
demos:Demographics:;,nofb,2,TypeResp,456
M,nofb,2,Gender,456
Cis,nofb,2,Sex,456
Bin,nofb,2,GenderIdentity,456
19,nofb,2,Age,456
HL,nofb,2,Ethnicity,456
AA,nofb,2,Race,456
demos:Demographics:;,nofb,2,TypeResp,457
M,nofb,2,Gender,457
Cis,nofb,2,Sex,457
Bin,nofb,2,GenderIdentity,457
20,nofb,2,Age,457
HL,nofb,2,Ethnicity,457
L,nofb,2,Race,457
demos:Demographics:;,nofb,2,TypeResp,458
W,nofb,2,Gender,458
Cis,nofb,2,Sex,458
Bin,nofb,2,GenderIdentity,458
18,nofb,2,Age,458
NHL,nofb,2,Ethnicity,458
W,nofb,2,Race,458
demos:Demographics:;,nofb,2,TypeResp,459
W,nofb,2,Gender,459
Cis,nofb,2,Sex,459
Bin,nofb,2,GenderIdentity,459
18,nofb,2,Age,459
NHL,nofb,2,Ethnicity,459
W,nofb,2,Race,459
demos:Demographics:;,nofb,2,TypeResp,460
W,nofb,2,Gender,460
Cis,nofb,2,Sex,460
Bin,nofb,2,GenderIdentity,460
19,nofb,2,Age,460
NHL,nofb,2,Ethnicity,460
W,nofb,2,Race,460
demos:Demographics:;,nofb,2,TypeResp,461
M,nofb,2,Gender,461
Cis,nofb,2,Sex,461
Bin,nofb,2,GenderIdentity,461
19,nofb,2,Age,461
NHL,nofb,2,Ethnicity,461
W,nofb,2,Race,461
demos:Demographics:;,nofb,2,TypeResp,462
W,nofb,2,Gender,462
Cis,nofb,2,Sex,462
NBin,nofb,2,GenderIdentity,462
19,nofb,2,Age,462
NHL,nofb,2,Ethnicity,462
W,nofb,2,Race,462
demos:Demographics:;,nofb,2,TypeResp,463
W,nofb,2,Gender,463
Cis,nofb,2,Sex,463
Bin,nofb,2,GenderIdentity,463
20,nofb,2,Age,463
NHL,nofb,2,Ethnicity,463
W,nofb,2,Race,463
demos:Demographics:;,nofb,2,TypeResp,464
W,nofb,2,Gender,464
Cis,nofb,2,Sex,464
Bin,nofb,2,GenderIdentity,464
19,nofb,2,Age,464
NHL,nofb,2,Ethnicity,464
A,nofb,2,Race,464
demos:Demographics:;,nofb,2,TypeResp,465
W,nofb,2,Gender,465
Cis,nofb,2,Sex,465
Bin,nofb,2,GenderIdentity,465
18,nofb,2,Age,465
NHL,nofb,2,Ethnicity,465
W,nofb,2,Race,465
demos:Demographics:;,nofb,2,TypeResp,466
W,nofb,2,Gender,466
Cis,nofb,2,Sex,466
Bin,nofb,2,GenderIdentity,466
18,nofb,2,Age,466
NHL,nofb,2,Ethnicity,466
W,nofb,2,Race,466
demos:Demographics:;,nofb,2,TypeResp,467
W,nofb,2,Gender,467
Cis,nofb,2,Sex,467
Bin,nofb,2,GenderIdentity,467
20,nofb,2,Age,467
NHL,nofb,2,Ethnicity,467
A,nofb,2,Race,467
demos:Demographics:;,nofb,2,TypeResp,468
M,nofb,2,Gender,468
Cis,nofb,2,Sex,468
Bin,nofb,2,GenderIdentity,468
20,nofb,2,Age,468
NHL,nofb,2,Ethnicity,468
W,nofb,2,Race,468
demos:Demographics:;,nofb,2,TypeResp,469
W,nofb,2,Gender,469
Cis,nofb,2,Sex,469
Bin,nofb,2,GenderIdentity,469
19,nofb,2,Age,469
NHL,nofb,2,Ethnicity,469
A,nofb,2,Race,469
demos:Demographics:;,nofb,2,TypeResp,470
W,nofb,2,Gender,470
Cis,nofb,2,Sex,470
NBin,nofb,2,GenderIdentity,470
20,nofb,2,Age,470
NHL,nofb,2,Ethnicity,470
A,nofb,2,Race,470
demos:Demographics:;,nofb,2,TypeResp,471
M,nofb,2,Gender,471
Cis,nofb,2,Sex,471
Bin,nofb,2,GenderIdentity,471
19,nofb,2,Age,471
HL,nofb,2,Ethnicity,471
L,nofb,2,Race,471
demos:Demographics:;,nofb,2,TypeResp,472
W,nofb,2,Gender,472
Cis,nofb,2,Sex,472
Bin,nofb,2,GenderIdentity,472
18,nofb,2,Age,472
NHL,nofb,2,Ethnicity,472
W,nofb,2,Race,472
demos:Demographics:;,nofb,2,TypeResp,473
W,nofb,2,Gender,473
Cis,nofb,2,Sex,473
Bin,nofb,2,GenderIdentity,473
18,nofb,2,Age,473
HL,nofb,2,Ethnicity,473
M,nofb,2,Race,473
demos:Demographics:;,nofb,2,TypeResp,474
W,nofb,2,Gender,474
Cis,nofb,2,Sex,474
Bin,nofb,2,GenderIdentity,474
18,nofb,2,Age,474
NHL,nofb,2,Ethnicity,474
W,nofb,2,Race,474
demos:Demographics:;,nofb,2,TypeResp,475
M,nofb,2,Gender,475
Cis,nofb,2,Sex,475
Bin,nofb,2,GenderIdentity,475
19,nofb,2,Age,475
NHL,nofb,2,Ethnicity,475
W,nofb,2,Race,475
demos:Demographics:;,nofb,2,TypeResp,476
M,nofb,2,Gender,476
Cis,nofb,2,Sex,476
Bin,nofb,2,GenderIdentity,476
19,nofb,2,Age,476
NHL,nofb,2,Ethnicity,476
M,nofb,2,Race,476
demos:Demographics:;,nofb,2,TypeResp,477
M,nofb,2,Gender,477
Cis,nofb,2,Sex,477
Bin,nofb,2,GenderIdentity,477
19,nofb,2,Age,477
HL,nofb,2,Ethnicity,477
W,nofb,2,Race,477
demos:Demographics:;,nofb,2,TypeResp,478
W,nofb,2,Gender,478
Cis,nofb,2,Sex,478
Bin,nofb,2,GenderIdentity,478
19,nofb,2,Age,478
NHL,nofb,2,Ethnicity,478
A,nofb,2,Race,478
demos:Demographics:;,nofb,2,TypeResp,479
M,nofb,2,Gender,479
Cis,nofb,2,Sex,479
Bin,nofb,2,GenderIdentity,479
19,nofb,2,Age,479
NHL,nofb,2,Ethnicity,479
W,nofb,2,Race,479
demos:Demographics:;,nofb,2,TypeResp,480
W,nofb,2,Gender,480
Cis,nofb,2,Sex,480
Bin,nofb,2,GenderIdentity,480
18,nofb,2,Age,480
HL,nofb,2,Ethnicity,480
W,nofb,2,Race,480
demos:Demographics:;,nofb,2,TypeResp,481
M,nofb,2,Gender,481
Cis,nofb,2,Sex,481
Bin,nofb,2,GenderIdentity,481
19,nofb,2,Age,481
HL,nofb,2,Ethnicity,481
L,nofb,2,Race,481
demos:Demographics:;,nofb,2,TypeResp,482
W,nofb,2,Gender,482
Cis,nofb,2,Sex,482
Bin,nofb,2,GenderIdentity,482
18,nofb,2,Age,482
NHL,nofb,2,Ethnicity,482
A,nofb,2,Race,482
demos:Demographics:;,nofb,2,TypeResp,483
W,nofb,2,Gender,483
Cis,nofb,2,Sex,483
Bin,nofb,2,GenderIdentity,483
20,nofb,2,Age,483
NHL,nofb,2,Ethnicity,483
W,nofb,2,Race,483
demos:Demographics:;,nofb,2,TypeResp,484
W,nofb,2,Gender,484
Cis,nofb,2,Sex,484
Bin,nofb,2,GenderIdentity,484
19,nofb,2,Age,484
NHL,nofb,2,Ethnicity,484
W,nofb,2,Race,484
demos:Demographics:;,nofb,2,TypeResp,485
W,nofb,2,Gender,485
Cis,nofb,2,Sex,485
Bin,nofb,2,GenderIdentity,485
18,nofb,2,Age,485
HL,nofb,2,Ethnicity,485
W,nofb,2,Race,485
demos:Demographics:;,nofb,2,TypeResp,486
W,nofb,2,Gender,486
Cis,nofb,2,Sex,486
Bin,nofb,2,GenderIdentity,486
20,nofb,2,Age,486
NHL,nofb,2,Ethnicity,486
A,nofb,2,Race,486
demos:Demographics:;,nofb,2,TypeResp,487
W,nofb,2,Gender,487
Cis,nofb,2,Sex,487
Bin,nofb,2,GenderIdentity,487
19,nofb,2,Age,487
NHL,nofb,2,Ethnicity,487
W,nofb,2,Race,487
demos:Demographics:;,nofb,2,TypeResp,488
W,nofb,2,Gender,488
Cis,nofb,2,Sex,488
Bin,nofb,2,GenderIdentity,488
18,nofb,2,Age,488
HL,nofb,2,Ethnicity,488
W,nofb,2,Race,488
demos:Demographics:;,nofb,2,TypeResp,489
W,nofb,2,Gender,489
Cis,nofb,2,Sex,489
Bin,nofb,2,GenderIdentity,489
18,nofb,2,Age,489
NHL,nofb,2,Ethnicity,489
A,nofb,2,Race,489
demos:Demographics:;,nofb,2,TypeResp,490
M,nofb,2,Gender,490
Cis,nofb,2,Sex,490
Bin,nofb,2,GenderIdentity,490
18,nofb,2,Age,490
NHL,nofb,2,Ethnicity,490
W,nofb,2,Race,490
demos:Demographics:;,nofb,2,TypeResp,491
M,nofb,2,Gender,491
Cis,nofb,2,Sex,491
Bin,nofb,2,GenderIdentity,491
19,nofb,2,Age,491
NHL,nofb,2,Ethnicity,491
W,nofb,2,Race,491
demos:Demographics:;,nofb,2,TypeResp,492
M,nofb,2,Gender,492
Cis,nofb,2,Sex,492
Bin,nofb,2,GenderIdentity,492
18,nofb,2,Age,492
NHL,nofb,2,Ethnicity,492
M,nofb,2,Race,492
demos:Demographics:;,nofb,2,TypeResp,493
W,nofb,2,Gender,493
Cis,nofb,2,Sex,493
Bin,nofb,2,GenderIdentity,493
18,nofb,2,Age,493
NHL,nofb,2,Ethnicity,493
W,nofb,2,Race,493
demos:Demographics:;,nofb,2,TypeResp,494
W,nofb,2,Gender,494
Cis,nofb,2,Sex,494
NA,nofb,2,GenderIdentity,494
21,nofb,2,Age,494
NA,nofb,2,Ethnicity,494
NA,nofb,2,Race,494
demos:Demographics:;,nofb,2,TypeResp,495
W,nofb,2,Gender,495
Cis,nofb,2,Sex,495
Bin,nofb,2,GenderIdentity,495
19,nofb,2,Age,495
NHL,nofb,2,Ethnicity,495
W,nofb,2,Race,495
demos:Demographics:;,nofb,2,TypeResp,496
W,nofb,2,Gender,496
Cis,nofb,2,Sex,496
Bin,nofb,2,GenderIdentity,496
19,nofb,2,Age,496
NHL,nofb,2,Ethnicity,496
W,nofb,2,Race,496
demos:Demographics:;,nofb,2,TypeResp,497
M,nofb,2,Gender,497
Cis,nofb,2,Sex,497
Bin,nofb,2,GenderIdentity,497
21,nofb,2,Age,497
NHL,nofb,2,Ethnicity,497
W,nofb,2,Race,497
demos:Demographics:;,nofb,2,TypeResp,498
M,nofb,2,Gender,498
Cis,nofb,2,Sex,498
NBin,nofb,2,GenderIdentity,498
18,nofb,2,Age,498
NHL,nofb,2,Ethnicity,498
M,nofb,2,Race,498
demos:Demographics:;,nofb,2,TypeResp,499
W,nofb,2,Gender,499
Cis,nofb,2,Sex,499
Bin,nofb,2,GenderIdentity,499
20,nofb,2,Age,499
NHL,nofb,2,Ethnicity,499
A,nofb,2,Race,499
demos:Demographics:;,nofb,2,TypeResp,500
M,nofb,2,Gender,500
Cis,nofb,2,Sex,500
Bin,nofb,2,GenderIdentity,500
22,nofb,2,Age,500
NHL,nofb,2,Ethnicity,500
W,nofb,2,Race,500
