data,question,subject,population
posttest:Post-Test:;,TypeResp,1,1
0,BlockVaryQ,1,1
0,ItemVaryQ,1,1
49,FreqPredict_1,1,1
58,FreqPredict_2,1,1
41,FreqPredict_3,1,1
49,FreqPredict_4,1,1
60,FreqPredict_5,1,1
Hard,SCForcedChoice_red,1,1
Hard,SCForcedChoice_orange,1,1
Easy,SCForcedChoice_yellow,1,1
Hard,SCForcedChoice_green,1,1
Easy,SCForcedChoice_blue,1,1
Hard,SCForcedChoice_purple,1,1
posttest:Post-Test:;,TypeResp,2,1
0,BlockVaryQ,2,1
0,ItemVaryQ,2,1
19,FreqPredict_1,2,1
19,FreqPredict_2,2,1
20,FreqPredict_3,2,1
13,FreqPredict_4,2,1
11,FreqPredict_5,2,1
Easy,SCForcedChoice_red,2,1
Hard,SCForcedChoice_orange,2,1
Hard,SCForcedChoice_yellow,2,1
Easy,SCForcedChoice_green,2,1
Neutral,SCForcedChoice_blue,2,1
Easy,SCForcedChoice_purple,2,1
posttest:Post-Test:;,TypeResp,3,1
0,BlockVaryQ,3,1
0,ItemVaryQ,3,1
80,FreqPredict_1,3,1
27,FreqPredict_2,3,1
0,FreqPredict_3,3,1
0,FreqPredict_4,3,1
28,FreqPredict_5,3,1
Easy,SCForcedChoice_red,3,1
Easy,SCForcedChoice_orange,3,1
Easy,SCForcedChoice_yellow,3,1
Neutral,SCForcedChoice_green,3,1
Neutral,SCForcedChoice_blue,3,1
Easy,SCForcedChoice_purple,3,1
posttest:Post-Test:;,TypeResp,4,1
0,BlockVaryQ,4,1
0,ItemVaryQ,4,1
50,FreqPredict_1,4,1
50,FreqPredict_2,4,1
50,FreqPredict_3,4,1
50,FreqPredict_4,4,1
50,FreqPredict_5,4,1
Neutral,SCForcedChoice_red,4,1
Easy,SCForcedChoice_orange,4,1
Hard,SCForcedChoice_yellow,4,1
Easy,SCForcedChoice_green,4,1
Neutral,SCForcedChoice_blue,4,1
Neutral,SCForcedChoice_purple,4,1
posttest:Post-Test:;,TypeResp,5,1
1,BlockVaryQ,5,1
1,ItemVaryQ,5,1
50,FreqPredict_1,5,1
60,FreqPredict_2,5,1
35,FreqPredict_3,5,1
75,FreqPredict_4,5,1
90,FreqPredict_5,5,1
Easy,SCForcedChoice_red,5,1
Hard,SCForcedChoice_orange,5,1
Hard,SCForcedChoice_yellow,5,1
Neutral,SCForcedChoice_green,5,1
Neutral,SCForcedChoice_blue,5,1
Easy,SCForcedChoice_purple,5,1
posttest:Post-Test:;,TypeResp,6,1
1,BlockVaryQ,6,1
1,ItemVaryQ,6,1
83,FreqPredict_1,6,1
76,FreqPredict_2,6,1
96,FreqPredict_3,6,1
85,FreqPredict_4,6,1
93,FreqPredict_5,6,1
Easy,SCForcedChoice_red,6,1
Neutral,SCForcedChoice_orange,6,1
Easy,SCForcedChoice_yellow,6,1
Easy,SCForcedChoice_green,6,1
Easy,SCForcedChoice_blue,6,1
Easy,SCForcedChoice_purple,6,1
posttest:Post-Test:;,TypeResp,7,1
1,BlockVaryQ,7,1
1,ItemVaryQ,7,1
0,FreqPredict_1,7,1
100,FreqPredict_2,7,1
0,FreqPredict_3,7,1
25,FreqPredict_4,7,1
0,FreqPredict_5,7,1
Neutral,SCForcedChoice_red,7,1
Hard,SCForcedChoice_orange,7,1
Neutral,SCForcedChoice_yellow,7,1
Hard,SCForcedChoice_green,7,1
Easy,SCForcedChoice_blue,7,1
Easy,SCForcedChoice_purple,7,1
posttest:Post-Test:;,TypeResp,8,1
0,BlockVaryQ,8,1
0,ItemVaryQ,8,1
60,FreqPredict_1,8,1
45,FreqPredict_2,8,1
69,FreqPredict_3,8,1
56,FreqPredict_4,8,1
34,FreqPredict_5,8,1
Neutral,SCForcedChoice_red,8,1
Easy,SCForcedChoice_orange,8,1
Hard,SCForcedChoice_yellow,8,1
Easy,SCForcedChoice_green,8,1
Hard,SCForcedChoice_blue,8,1
Neutral,SCForcedChoice_purple,8,1
posttest:Post-Test:;,TypeResp,9,1
0,BlockVaryQ,9,1
0,ItemVaryQ,9,1
77,FreqPredict_1,9,1
12,FreqPredict_2,9,1
12,FreqPredict_3,9,1
17,FreqPredict_4,9,1
16,FreqPredict_5,9,1
Easy,SCForcedChoice_red,9,1
Easy,SCForcedChoice_orange,9,1
Easy,SCForcedChoice_yellow,9,1
Easy,SCForcedChoice_green,9,1
Hard,SCForcedChoice_blue,9,1
Hard,SCForcedChoice_purple,9,1
posttest:Post-Test:;,TypeResp,10,1
1,BlockVaryQ,10,1
1,ItemVaryQ,10,1
89,FreqPredict_1,10,1
81,FreqPredict_2,10,1
96,FreqPredict_3,10,1
83,FreqPredict_4,10,1
100,FreqPredict_5,10,1
Neutral,SCForcedChoice_red,10,1
Easy,SCForcedChoice_orange,10,1
Neutral,SCForcedChoice_yellow,10,1
Easy,SCForcedChoice_green,10,1
Hard,SCForcedChoice_blue,10,1
Neutral,SCForcedChoice_purple,10,1
posttest:Post-Test:;,TypeResp,11,1
1,BlockVaryQ,11,1
1,ItemVaryQ,11,1
95,FreqPredict_1,11,1
74,FreqPredict_2,11,1
73,FreqPredict_3,11,1
77,FreqPredict_4,11,1
86,FreqPredict_5,11,1
Neutral,SCForcedChoice_red,11,1
Easy,SCForcedChoice_orange,11,1
Easy,SCForcedChoice_yellow,11,1
Neutral,SCForcedChoice_green,11,1
Easy,SCForcedChoice_blue,11,1
Easy,SCForcedChoice_purple,11,1
posttest:Post-Test:;,TypeResp,12,1
1,BlockVaryQ,12,1
1,ItemVaryQ,12,1
72,FreqPredict_1,12,1
83,FreqPredict_2,12,1
63,FreqPredict_3,12,1
62,FreqPredict_4,12,1
73,FreqPredict_5,12,1
Easy,SCForcedChoice_red,12,1
Hard,SCForcedChoice_orange,12,1
Easy,SCForcedChoice_yellow,12,1
Easy,SCForcedChoice_green,12,1
Easy,SCForcedChoice_blue,12,1
Hard,SCForcedChoice_purple,12,1
posttest:Post-Test:;,TypeResp,13,1
0,BlockVaryQ,13,1
0,ItemVaryQ,13,1
1,FreqPredict_1,13,1
50,FreqPredict_2,13,1
1,FreqPredict_3,13,1
1,FreqPredict_4,13,1
1,FreqPredict_5,13,1
Easy,SCForcedChoice_red,13,1
Hard,SCForcedChoice_orange,13,1
Easy,SCForcedChoice_yellow,13,1
Hard,SCForcedChoice_green,13,1
Hard,SCForcedChoice_blue,13,1
Hard,SCForcedChoice_purple,13,1
posttest:Post-Test:;,TypeResp,14,1
1,BlockVaryQ,14,1
1,ItemVaryQ,14,1
50,FreqPredict_1,14,1
70,FreqPredict_2,14,1
35,FreqPredict_3,14,1
85,FreqPredict_4,14,1
0,FreqPredict_5,14,1
Hard,SCForcedChoice_red,14,1
Hard,SCForcedChoice_orange,14,1
Easy,SCForcedChoice_yellow,14,1
Easy,SCForcedChoice_green,14,1
Neutral,SCForcedChoice_blue,14,1
Neutral,SCForcedChoice_purple,14,1
posttest:Post-Test:;,TypeResp,15,1
1,BlockVaryQ,15,1
1,ItemVaryQ,15,1
100,FreqPredict_1,15,1
92,FreqPredict_2,15,1
99,FreqPredict_3,15,1
93,FreqPredict_4,15,1
100,FreqPredict_5,15,1
Easy,SCForcedChoice_red,15,1
Easy,SCForcedChoice_orange,15,1
Easy,SCForcedChoice_yellow,15,1
Easy,SCForcedChoice_green,15,1
Easy,SCForcedChoice_blue,15,1
Easy,SCForcedChoice_purple,15,1
posttest:Post-Test:;,TypeResp,16,1
1,BlockVaryQ,16,1
0,ItemVaryQ,16,1
22,FreqPredict_1,16,1
24,FreqPredict_2,16,1
10,FreqPredict_3,16,1
17,FreqPredict_4,16,1
8,FreqPredict_5,16,1
Easy,SCForcedChoice_red,16,1
Hard,SCForcedChoice_orange,16,1
Hard,SCForcedChoice_yellow,16,1
Hard,SCForcedChoice_green,16,1
Neutral,SCForcedChoice_blue,16,1
Neutral,SCForcedChoice_purple,16,1
posttest:Post-Test:;,TypeResp,17,1
0,BlockVaryQ,17,1
0,ItemVaryQ,17,1
0,FreqPredict_1,17,1
0,FreqPredict_2,17,1
67,FreqPredict_3,17,1
75,FreqPredict_4,17,1
80,FreqPredict_5,17,1
Neutral,SCForcedChoice_red,17,1
Hard,SCForcedChoice_orange,17,1
Hard,SCForcedChoice_yellow,17,1
Easy,SCForcedChoice_green,17,1
Neutral,SCForcedChoice_blue,17,1
Easy,SCForcedChoice_purple,17,1
posttest:Post-Test:;,TypeResp,18,1
0,BlockVaryQ,18,1
0,ItemVaryQ,18,1
71,FreqPredict_1,18,1
69,FreqPredict_2,18,1
26,FreqPredict_3,18,1
29,FreqPredict_4,18,1
34,FreqPredict_5,18,1
Easy,SCForcedChoice_red,18,1
Hard,SCForcedChoice_orange,18,1
Hard,SCForcedChoice_yellow,18,1
Easy,SCForcedChoice_green,18,1
Easy,SCForcedChoice_blue,18,1
Hard,SCForcedChoice_purple,18,1
posttest:Post-Test:;,TypeResp,19,1
1,BlockVaryQ,19,1
1,ItemVaryQ,19,1
20,FreqPredict_1,19,1
20,FreqPredict_2,19,1
85,FreqPredict_3,19,1
49,FreqPredict_4,19,1
15,FreqPredict_5,19,1
Hard,SCForcedChoice_red,19,1
Neutral,SCForcedChoice_orange,19,1
Easy,SCForcedChoice_yellow,19,1
Hard,SCForcedChoice_green,19,1
Hard,SCForcedChoice_blue,19,1
Easy,SCForcedChoice_purple,19,1
posttest:Post-Test:;,TypeResp,20,1
1,BlockVaryQ,20,1
1,ItemVaryQ,20,1
50,FreqPredict_1,20,1
100,FreqPredict_2,20,1
100,FreqPredict_3,20,1
50,FreqPredict_4,20,1
100,FreqPredict_5,20,1
Easy,SCForcedChoice_red,20,1
Hard,SCForcedChoice_orange,20,1
Hard,SCForcedChoice_yellow,20,1
Easy,SCForcedChoice_green,20,1
Hard,SCForcedChoice_blue,20,1
Easy,SCForcedChoice_purple,20,1
posttest:Post-Test:;,TypeResp,21,1
1,BlockVaryQ,21,1
1,ItemVaryQ,21,1
74,FreqPredict_1,21,1
86,FreqPredict_2,21,1
69,FreqPredict_3,21,1
62,FreqPredict_4,21,1
37,FreqPredict_5,21,1
Hard,SCForcedChoice_red,21,1
Neutral,SCForcedChoice_orange,21,1
Neutral,SCForcedChoice_yellow,21,1
Hard,SCForcedChoice_green,21,1
Easy,SCForcedChoice_blue,21,1
Hard,SCForcedChoice_purple,21,1
posttest:Post-Test:;,TypeResp,22,1
0,BlockVaryQ,22,1
0,ItemVaryQ,22,1
20,FreqPredict_1,22,1
40,FreqPredict_2,22,1
30,FreqPredict_3,22,1
0,FreqPredict_4,22,1
20,FreqPredict_5,22,1
Easy,SCForcedChoice_red,22,1
Hard,SCForcedChoice_orange,22,1
Easy,SCForcedChoice_yellow,22,1
Neutral,SCForcedChoice_green,22,1
Hard,SCForcedChoice_blue,22,1
Neutral,SCForcedChoice_purple,22,1
posttest:Post-Test:;,TypeResp,23,1
1,BlockVaryQ,23,1
1,ItemVaryQ,23,1
85,FreqPredict_1,23,1
74,FreqPredict_2,23,1
93,FreqPredict_3,23,1
87,FreqPredict_4,23,1
77,FreqPredict_5,23,1
Hard,SCForcedChoice_red,23,1
Easy,SCForcedChoice_orange,23,1
Easy,SCForcedChoice_yellow,23,1
Neutral,SCForcedChoice_green,23,1
Easy,SCForcedChoice_blue,23,1
Easy,SCForcedChoice_purple,23,1
posttest:Post-Test:;,TypeResp,24,1
0,BlockVaryQ,24,1
0,ItemVaryQ,24,1
65,FreqPredict_1,24,1
39,FreqPredict_2,24,1
72,FreqPredict_3,24,1
67,FreqPredict_4,24,1
44,FreqPredict_5,24,1
Easy,SCForcedChoice_red,24,1
Hard,SCForcedChoice_orange,24,1
Hard,SCForcedChoice_yellow,24,1
Easy,SCForcedChoice_green,24,1
Easy,SCForcedChoice_blue,24,1
Neutral,SCForcedChoice_purple,24,1
posttest:Post-Test:;,TypeResp,25,1
1,BlockVaryQ,25,1
1,ItemVaryQ,25,1
71,FreqPredict_1,25,1
47,FreqPredict_2,25,1
48,FreqPredict_3,25,1
71,FreqPredict_4,25,1
47,FreqPredict_5,25,1
Neutral,SCForcedChoice_red,25,1
Neutral,SCForcedChoice_orange,25,1
Easy,SCForcedChoice_yellow,25,1
Neutral,SCForcedChoice_green,25,1
Hard,SCForcedChoice_blue,25,1
Easy,SCForcedChoice_purple,25,1
posttest:Post-Test:;,TypeResp,26,1
1,BlockVaryQ,26,1
1,ItemVaryQ,26,1
26,FreqPredict_1,26,1
27,FreqPredict_2,26,1
15,FreqPredict_3,26,1
85,FreqPredict_4,26,1
70,FreqPredict_5,26,1
Easy,SCForcedChoice_red,26,1
Hard,SCForcedChoice_orange,26,1
Hard,SCForcedChoice_yellow,26,1
Easy,SCForcedChoice_green,26,1
Hard,SCForcedChoice_blue,26,1
Easy,SCForcedChoice_purple,26,1
posttest:Post-Test:;,TypeResp,27,1
1,BlockVaryQ,27,1
1,ItemVaryQ,27,1
0,FreqPredict_1,27,1
0,FreqPredict_2,27,1
50,FreqPredict_3,27,1
0,FreqPredict_4,27,1
0,FreqPredict_5,27,1
Hard,SCForcedChoice_red,27,1
Easy,SCForcedChoice_orange,27,1
Easy,SCForcedChoice_yellow,27,1
Hard,SCForcedChoice_green,27,1
Neutral,SCForcedChoice_blue,27,1
Neutral,SCForcedChoice_purple,27,1
posttest:Post-Test:;,TypeResp,28,1
1,BlockVaryQ,28,1
1,ItemVaryQ,28,1
5,FreqPredict_1,28,1
89,FreqPredict_2,28,1
68,FreqPredict_3,28,1
64,FreqPredict_4,28,1
45,FreqPredict_5,28,1
Easy,SCForcedChoice_red,28,1
Hard,SCForcedChoice_orange,28,1
Easy,SCForcedChoice_yellow,28,1
Hard,SCForcedChoice_green,28,1
Hard,SCForcedChoice_blue,28,1
Hard,SCForcedChoice_purple,28,1
posttest:Post-Test:;,TypeResp,29,1
1,BlockVaryQ,29,1
1,ItemVaryQ,29,1
39,FreqPredict_1,29,1
43,FreqPredict_2,29,1
22,FreqPredict_3,29,1
77,FreqPredict_4,29,1
31,FreqPredict_5,29,1
Hard,SCForcedChoice_red,29,1
Neutral,SCForcedChoice_orange,29,1
Easy,SCForcedChoice_yellow,29,1
Neutral,SCForcedChoice_green,29,1
Hard,SCForcedChoice_blue,29,1
Easy,SCForcedChoice_purple,29,1
posttest:Post-Test:;,TypeResp,30,1
0,BlockVaryQ,30,1
0,ItemVaryQ,30,1
50,FreqPredict_1,30,1
50,FreqPredict_2,30,1
30,FreqPredict_3,30,1
30,FreqPredict_4,30,1
100,FreqPredict_5,30,1
Hard,SCForcedChoice_red,30,1
Hard,SCForcedChoice_orange,30,1
Hard,SCForcedChoice_yellow,30,1
Easy,SCForcedChoice_green,30,1
Easy,SCForcedChoice_blue,30,1
Hard,SCForcedChoice_purple,30,1
posttest:Post-Test:;,TypeResp,31,1
1,BlockVaryQ,31,1
1,ItemVaryQ,31,1
80,FreqPredict_1,31,1
0,FreqPredict_2,31,1
0,FreqPredict_3,31,1
80,FreqPredict_4,31,1
0,FreqPredict_5,31,1
Hard,SCForcedChoice_red,31,1
Hard,SCForcedChoice_orange,31,1
Hard,SCForcedChoice_yellow,31,1
Hard,SCForcedChoice_green,31,1
Easy,SCForcedChoice_blue,31,1
Easy,SCForcedChoice_purple,31,1
posttest:Post-Test:;,TypeResp,32,1
0,BlockVaryQ,32,1
1,ItemVaryQ,32,1
0,FreqPredict_1,32,1
12,FreqPredict_2,32,1
75,FreqPredict_3,32,1
31,FreqPredict_4,32,1
27,FreqPredict_5,32,1
Easy,SCForcedChoice_red,32,1
Hard,SCForcedChoice_orange,32,1
Hard,SCForcedChoice_yellow,32,1
Easy,SCForcedChoice_green,32,1
Easy,SCForcedChoice_blue,32,1
Hard,SCForcedChoice_purple,32,1
posttest:Post-Test:;,TypeResp,33,1
1,BlockVaryQ,33,1
1,ItemVaryQ,33,1
66,FreqPredict_1,33,1
19,FreqPredict_2,33,1
70,FreqPredict_3,33,1
88,FreqPredict_4,33,1
70,FreqPredict_5,33,1
Easy,SCForcedChoice_red,33,1
Hard,SCForcedChoice_orange,33,1
Easy,SCForcedChoice_yellow,33,1
Easy,SCForcedChoice_green,33,1
Easy,SCForcedChoice_blue,33,1
Neutral,SCForcedChoice_purple,33,1
posttest:Post-Test:;,TypeResp,34,1
1,BlockVaryQ,34,1
1,ItemVaryQ,34,1
83,FreqPredict_1,34,1
96,FreqPredict_2,34,1
71,FreqPredict_3,34,1
85,FreqPredict_4,34,1
69,FreqPredict_5,34,1
Easy,SCForcedChoice_red,34,1
Neutral,SCForcedChoice_orange,34,1
Hard,SCForcedChoice_yellow,34,1
Easy,SCForcedChoice_green,34,1
Neutral,SCForcedChoice_blue,34,1
Hard,SCForcedChoice_purple,34,1
posttest:Post-Test:;,TypeResp,35,1
1,BlockVaryQ,35,1
1,ItemVaryQ,35,1
0,FreqPredict_1,35,1
24,FreqPredict_2,35,1
63,FreqPredict_3,35,1
0,FreqPredict_4,35,1
75,FreqPredict_5,35,1
Hard,SCForcedChoice_red,35,1
Easy,SCForcedChoice_orange,35,1
Hard,SCForcedChoice_yellow,35,1
Hard,SCForcedChoice_green,35,1
Easy,SCForcedChoice_blue,35,1
Hard,SCForcedChoice_purple,35,1
posttest:Post-Test:;,TypeResp,36,1
0,BlockVaryQ,36,1
0,ItemVaryQ,36,1
86,FreqPredict_1,36,1
9,FreqPredict_2,36,1
11,FreqPredict_3,36,1
13,FreqPredict_4,36,1
52,FreqPredict_5,36,1
Hard,SCForcedChoice_red,36,1
Easy,SCForcedChoice_orange,36,1
Easy,SCForcedChoice_yellow,36,1
Neutral,SCForcedChoice_green,36,1
Neutral,SCForcedChoice_blue,36,1
Hard,SCForcedChoice_purple,36,1
posttest:Post-Test:;,TypeResp,37,1
0,BlockVaryQ,37,1
0,ItemVaryQ,37,1
53,FreqPredict_1,37,1
43,FreqPredict_2,37,1
54,FreqPredict_3,37,1
57,FreqPredict_4,37,1
59,FreqPredict_5,37,1
Hard,SCForcedChoice_red,37,1
Easy,SCForcedChoice_orange,37,1
Hard,SCForcedChoice_yellow,37,1
Neutral,SCForcedChoice_green,37,1
Neutral,SCForcedChoice_blue,37,1
Hard,SCForcedChoice_purple,37,1
posttest:Post-Test:;,TypeResp,38,1
1,BlockVaryQ,38,1
1,ItemVaryQ,38,1
56,FreqPredict_1,38,1
59,FreqPredict_2,38,1
68,FreqPredict_3,38,1
65,FreqPredict_4,38,1
58,FreqPredict_5,38,1
Easy,SCForcedChoice_red,38,1
Hard,SCForcedChoice_orange,38,1
Easy,SCForcedChoice_yellow,38,1
Easy,SCForcedChoice_green,38,1
Easy,SCForcedChoice_blue,38,1
Hard,SCForcedChoice_purple,38,1
posttest:Post-Test:;,TypeResp,39,1
0,BlockVaryQ,39,1
0,ItemVaryQ,39,1
100,FreqPredict_1,39,1
1,FreqPredict_2,39,1
0,FreqPredict_3,39,1
0,FreqPredict_4,39,1
0,FreqPredict_5,39,1
Hard,SCForcedChoice_red,39,1
Hard,SCForcedChoice_orange,39,1
Neutral,SCForcedChoice_yellow,39,1
Easy,SCForcedChoice_green,39,1
Hard,SCForcedChoice_blue,39,1
Hard,SCForcedChoice_purple,39,1
posttest:Post-Test:;,TypeResp,40,1
1,BlockVaryQ,40,1
0,ItemVaryQ,40,1
27,FreqPredict_1,40,1
11,FreqPredict_2,40,1
25,FreqPredict_3,40,1
79,FreqPredict_4,40,1
14,FreqPredict_5,40,1
Hard,SCForcedChoice_red,40,1
Neutral,SCForcedChoice_orange,40,1
Neutral,SCForcedChoice_yellow,40,1
Easy,SCForcedChoice_green,40,1
Hard,SCForcedChoice_blue,40,1
Easy,SCForcedChoice_purple,40,1
posttest:Post-Test:;,TypeResp,41,1
1,BlockVaryQ,41,1
1,ItemVaryQ,41,1
48,FreqPredict_1,41,1
68,FreqPredict_2,41,1
15,FreqPredict_3,41,1
7,FreqPredict_4,41,1
10,FreqPredict_5,41,1
Hard,SCForcedChoice_red,41,1
Easy,SCForcedChoice_orange,41,1
Easy,SCForcedChoice_yellow,41,1
Neutral,SCForcedChoice_green,41,1
Hard,SCForcedChoice_blue,41,1
Neutral,SCForcedChoice_purple,41,1
posttest:Post-Test:;,TypeResp,42,1
1,BlockVaryQ,42,1
1,ItemVaryQ,42,1
15,FreqPredict_1,42,1
75,FreqPredict_2,42,1
6,FreqPredict_3,42,1
27,FreqPredict_4,42,1
16,FreqPredict_5,42,1
Hard,SCForcedChoice_red,42,1
Easy,SCForcedChoice_orange,42,1
Easy,SCForcedChoice_yellow,42,1
Easy,SCForcedChoice_green,42,1
Hard,SCForcedChoice_blue,42,1
Hard,SCForcedChoice_purple,42,1
posttest:Post-Test:;,TypeResp,43,1
1,BlockVaryQ,43,1
1,ItemVaryQ,43,1
84,FreqPredict_1,43,1
65,FreqPredict_2,43,1
79,FreqPredict_3,43,1
74,FreqPredict_4,43,1
85,FreqPredict_5,43,1
Easy,SCForcedChoice_red,43,1
Easy,SCForcedChoice_orange,43,1
Neutral,SCForcedChoice_yellow,43,1
Easy,SCForcedChoice_green,43,1
Hard,SCForcedChoice_blue,43,1
Easy,SCForcedChoice_purple,43,1
posttest:Post-Test:;,TypeResp,44,1
0,BlockVaryQ,44,1
0,ItemVaryQ,44,1
59,FreqPredict_1,44,1
35,FreqPredict_2,44,1
85,FreqPredict_3,44,1
70,FreqPredict_4,44,1
80,FreqPredict_5,44,1
Hard,SCForcedChoice_red,44,1
Easy,SCForcedChoice_orange,44,1
Neutral,SCForcedChoice_yellow,44,1
Easy,SCForcedChoice_green,44,1
Hard,SCForcedChoice_blue,44,1
Easy,SCForcedChoice_purple,44,1
posttest:Post-Test:;,TypeResp,45,1
0,BlockVaryQ,45,1
0,ItemVaryQ,45,1
3,FreqPredict_1,45,1
7,FreqPredict_2,45,1
8,FreqPredict_3,45,1
70,FreqPredict_4,45,1
10,FreqPredict_5,45,1
Hard,SCForcedChoice_red,45,1
Easy,SCForcedChoice_orange,45,1
Easy,SCForcedChoice_yellow,45,1
Hard,SCForcedChoice_green,45,1
Hard,SCForcedChoice_blue,45,1
Hard,SCForcedChoice_purple,45,1
posttest:Post-Test:;,TypeResp,46,1
0,BlockVaryQ,46,1
0,ItemVaryQ,46,1
7,FreqPredict_1,46,1
37,FreqPredict_2,46,1
14,FreqPredict_3,46,1
3,FreqPredict_4,46,1
67,FreqPredict_5,46,1
Hard,SCForcedChoice_red,46,1
Neutral,SCForcedChoice_orange,46,1
Neutral,SCForcedChoice_yellow,46,1
Neutral,SCForcedChoice_green,46,1
Hard,SCForcedChoice_blue,46,1
Easy,SCForcedChoice_purple,46,1
posttest:Post-Test:;,TypeResp,47,1
0,BlockVaryQ,47,1
0,ItemVaryQ,47,1
0,FreqPredict_1,47,1
48,FreqPredict_2,47,1
48,FreqPredict_3,47,1
47,FreqPredict_4,47,1
6,FreqPredict_5,47,1
Hard,SCForcedChoice_red,47,1
Hard,SCForcedChoice_orange,47,1
Hard,SCForcedChoice_yellow,47,1
Easy,SCForcedChoice_green,47,1
Easy,SCForcedChoice_blue,47,1
Easy,SCForcedChoice_purple,47,1
posttest:Post-Test:;,TypeResp,48,1
1,BlockVaryQ,48,1
0,ItemVaryQ,48,1
80,FreqPredict_1,48,1
90,FreqPredict_2,48,1
73,FreqPredict_3,48,1
86,FreqPredict_4,48,1
74,FreqPredict_5,48,1
Neutral,SCForcedChoice_red,48,1
Easy,SCForcedChoice_orange,48,1
Easy,SCForcedChoice_yellow,48,1
Neutral,SCForcedChoice_green,48,1
Hard,SCForcedChoice_blue,48,1
Neutral,SCForcedChoice_purple,48,1
posttest:Post-Test:;,TypeResp,49,1
0,BlockVaryQ,49,1
0,ItemVaryQ,49,1
27,FreqPredict_1,49,1
0,FreqPredict_2,49,1
61,FreqPredict_3,49,1
0,FreqPredict_4,49,1
0,FreqPredict_5,49,1
Hard,SCForcedChoice_red,49,1
Neutral,SCForcedChoice_orange,49,1
Neutral,SCForcedChoice_yellow,49,1
Hard,SCForcedChoice_green,49,1
Easy,SCForcedChoice_blue,49,1
Easy,SCForcedChoice_purple,49,1
posttest:Post-Test:;,TypeResp,50,1
1,BlockVaryQ,50,1
0,ItemVaryQ,50,1
0,FreqPredict_1,50,1
0,FreqPredict_2,50,1
0,FreqPredict_3,50,1
28,FreqPredict_4,50,1
0,FreqPredict_5,50,1
Neutral,SCForcedChoice_red,50,1
Hard,SCForcedChoice_orange,50,1
Hard,SCForcedChoice_yellow,50,1
Hard,SCForcedChoice_green,50,1
Neutral,SCForcedChoice_blue,50,1
Hard,SCForcedChoice_purple,50,1
posttest:Post-Test:;,TypeResp,51,1
1,BlockVaryQ,51,1
1,ItemVaryQ,51,1
51,FreqPredict_1,51,1
38,FreqPredict_2,51,1
68,FreqPredict_3,51,1
67,FreqPredict_4,51,1
42,FreqPredict_5,51,1
Easy,SCForcedChoice_red,51,1
Easy,SCForcedChoice_orange,51,1
Hard,SCForcedChoice_yellow,51,1
Easy,SCForcedChoice_green,51,1
Hard,SCForcedChoice_blue,51,1
Hard,SCForcedChoice_purple,51,1
posttest:Post-Test:;,TypeResp,52,1
0,BlockVaryQ,52,1
0,ItemVaryQ,52,1
50,FreqPredict_1,52,1
50,FreqPredict_2,52,1
50,FreqPredict_3,52,1
50,FreqPredict_4,52,1
50,FreqPredict_5,52,1
Easy,SCForcedChoice_red,52,1
Easy,SCForcedChoice_orange,52,1
Hard,SCForcedChoice_yellow,52,1
Hard,SCForcedChoice_green,52,1
Easy,SCForcedChoice_blue,52,1
Easy,SCForcedChoice_purple,52,1
posttest:Post-Test:;,TypeResp,53,1
1,BlockVaryQ,53,1
1,ItemVaryQ,53,1
100,FreqPredict_1,53,1
100,FreqPredict_2,53,1
100,FreqPredict_3,53,1
100,FreqPredict_4,53,1
100,FreqPredict_5,53,1
Easy,SCForcedChoice_red,53,1
Easy,SCForcedChoice_orange,53,1
Easy,SCForcedChoice_yellow,53,1
Easy,SCForcedChoice_green,53,1
Easy,SCForcedChoice_blue,53,1
Easy,SCForcedChoice_purple,53,1
posttest:Post-Test:;,TypeResp,54,1
1,BlockVaryQ,54,1
1,ItemVaryQ,54,1
33,FreqPredict_1,54,1
32,FreqPredict_2,54,1
97,FreqPredict_3,54,1
36,FreqPredict_4,54,1
68,FreqPredict_5,54,1
Hard,SCForcedChoice_red,54,1
Hard,SCForcedChoice_orange,54,1
Hard,SCForcedChoice_yellow,54,1
Neutral,SCForcedChoice_green,54,1
Easy,SCForcedChoice_blue,54,1
Easy,SCForcedChoice_purple,54,1
posttest:Post-Test:;,TypeResp,55,1
0,BlockVaryQ,55,1
0,ItemVaryQ,55,1
65,FreqPredict_1,55,1
68,FreqPredict_2,55,1
58,FreqPredict_3,55,1
33,FreqPredict_4,55,1
38,FreqPredict_5,55,1
Easy,SCForcedChoice_red,55,1
Neutral,SCForcedChoice_orange,55,1
Easy,SCForcedChoice_yellow,55,1
Hard,SCForcedChoice_green,55,1
Easy,SCForcedChoice_blue,55,1
Hard,SCForcedChoice_purple,55,1
posttest:Post-Test:;,TypeResp,56,1
0,BlockVaryQ,56,1
0,ItemVaryQ,56,1
53,FreqPredict_1,56,1
62,FreqPredict_2,56,1
59,FreqPredict_3,56,1
66,FreqPredict_4,56,1
60,FreqPredict_5,56,1
Hard,SCForcedChoice_red,56,1
Hard,SCForcedChoice_orange,56,1
Hard,SCForcedChoice_yellow,56,1
Easy,SCForcedChoice_green,56,1
Neutral,SCForcedChoice_blue,56,1
Hard,SCForcedChoice_purple,56,1
posttest:Post-Test:;,TypeResp,57,1
1,BlockVaryQ,57,1
1,ItemVaryQ,57,1
60,FreqPredict_1,57,1
42,FreqPredict_2,57,1
65,FreqPredict_3,57,1
56,FreqPredict_4,57,1
39,FreqPredict_5,57,1
Easy,SCForcedChoice_red,57,1
Hard,SCForcedChoice_orange,57,1
Hard,SCForcedChoice_yellow,57,1
Easy,SCForcedChoice_green,57,1
Neutral,SCForcedChoice_blue,57,1
Neutral,SCForcedChoice_purple,57,1
posttest:Post-Test:;,TypeResp,58,1
1,BlockVaryQ,58,1
1,ItemVaryQ,58,1
36,FreqPredict_1,58,1
63,FreqPredict_2,58,1
59,FreqPredict_3,58,1
42,FreqPredict_4,58,1
62,FreqPredict_5,58,1
Neutral,SCForcedChoice_red,58,1
Neutral,SCForcedChoice_orange,58,1
Neutral,SCForcedChoice_yellow,58,1
Easy,SCForcedChoice_green,58,1
Hard,SCForcedChoice_blue,58,1
Hard,SCForcedChoice_purple,58,1
posttest:Post-Test:;,TypeResp,59,1
1,BlockVaryQ,59,1
1,ItemVaryQ,59,1
7,FreqPredict_1,59,1
0,FreqPredict_2,59,1
11,FreqPredict_3,59,1
0,FreqPredict_4,59,1
0,FreqPredict_5,59,1
Easy,SCForcedChoice_red,59,1
Easy,SCForcedChoice_orange,59,1
Hard,SCForcedChoice_yellow,59,1
Neutral,SCForcedChoice_green,59,1
Hard,SCForcedChoice_blue,59,1
Neutral,SCForcedChoice_purple,59,1
posttest:Post-Test:;,TypeResp,60,1
0,BlockVaryQ,60,1
0,ItemVaryQ,60,1
72,FreqPredict_1,60,1
26,FreqPredict_2,60,1
66,FreqPredict_3,60,1
31,FreqPredict_4,60,1
67,FreqPredict_5,60,1
Easy,SCForcedChoice_red,60,1
Hard,SCForcedChoice_orange,60,1
Easy,SCForcedChoice_yellow,60,1
Easy,SCForcedChoice_green,60,1
Hard,SCForcedChoice_blue,60,1
Neutral,SCForcedChoice_purple,60,1
posttest:Post-Test:;,TypeResp,61,1
0,BlockVaryQ,61,1
0,ItemVaryQ,61,1
58,FreqPredict_1,61,1
39,FreqPredict_2,61,1
62,FreqPredict_3,61,1
57,FreqPredict_4,61,1
44,FreqPredict_5,61,1
Hard,SCForcedChoice_red,61,1
Easy,SCForcedChoice_orange,61,1
Hard,SCForcedChoice_yellow,61,1
Easy,SCForcedChoice_green,61,1
Easy,SCForcedChoice_blue,61,1
Neutral,SCForcedChoice_purple,61,1
posttest:Post-Test:;,TypeResp,62,1
0,BlockVaryQ,62,1
0,ItemVaryQ,62,1
64,FreqPredict_1,62,1
56,FreqPredict_2,62,1
66,FreqPredict_3,62,1
76,FreqPredict_4,62,1
37,FreqPredict_5,62,1
Hard,SCForcedChoice_red,62,1
Easy,SCForcedChoice_orange,62,1
Neutral,SCForcedChoice_yellow,62,1
Easy,SCForcedChoice_green,62,1
Easy,SCForcedChoice_blue,62,1
Hard,SCForcedChoice_purple,62,1
posttest:Post-Test:;,TypeResp,63,1
1,BlockVaryQ,63,1
1,ItemVaryQ,63,1
100,FreqPredict_1,63,1
100,FreqPredict_2,63,1
100,FreqPredict_3,63,1
98,FreqPredict_4,63,1
100,FreqPredict_5,63,1
Easy,SCForcedChoice_red,63,1
Easy,SCForcedChoice_orange,63,1
Easy,SCForcedChoice_yellow,63,1
Easy,SCForcedChoice_green,63,1
Easy,SCForcedChoice_blue,63,1
Easy,SCForcedChoice_purple,63,1
posttest:Post-Test:;,TypeResp,64,1
1,BlockVaryQ,64,1
1,ItemVaryQ,64,1
29,FreqPredict_1,64,1
26,FreqPredict_2,64,1
28,FreqPredict_3,64,1
33,FreqPredict_4,64,1
26,FreqPredict_5,64,1
Hard,SCForcedChoice_red,64,1
Easy,SCForcedChoice_orange,64,1
Hard,SCForcedChoice_yellow,64,1
Neutral,SCForcedChoice_green,64,1
Hard,SCForcedChoice_blue,64,1
Easy,SCForcedChoice_purple,64,1
posttest:Post-Test:;,TypeResp,65,1
1,BlockVaryQ,65,1
1,ItemVaryQ,65,1
60,FreqPredict_1,65,1
70,FreqPredict_2,65,1
40,FreqPredict_3,65,1
20,FreqPredict_4,65,1
55,FreqPredict_5,65,1
Easy,SCForcedChoice_red,65,1
Hard,SCForcedChoice_orange,65,1
Hard,SCForcedChoice_yellow,65,1
Neutral,SCForcedChoice_green,65,1
Easy,SCForcedChoice_blue,65,1
Hard,SCForcedChoice_purple,65,1
posttest:Post-Test:;,TypeResp,66,1
1,BlockVaryQ,66,1
1,ItemVaryQ,66,1
55,FreqPredict_1,66,1
60,FreqPredict_2,66,1
79,FreqPredict_3,66,1
82,FreqPredict_4,66,1
84,FreqPredict_5,66,1
Easy,SCForcedChoice_red,66,1
Easy,SCForcedChoice_orange,66,1
Hard,SCForcedChoice_yellow,66,1
Easy,SCForcedChoice_green,66,1
Hard,SCForcedChoice_blue,66,1
Easy,SCForcedChoice_purple,66,1
posttest:Post-Test:;,TypeResp,67,1
0,BlockVaryQ,67,1
1,ItemVaryQ,67,1
66,FreqPredict_1,67,1
31,FreqPredict_2,67,1
76,FreqPredict_3,67,1
70,FreqPredict_4,67,1
22,FreqPredict_5,67,1
Easy,SCForcedChoice_red,67,1
Easy,SCForcedChoice_orange,67,1
Hard,SCForcedChoice_yellow,67,1
Easy,SCForcedChoice_green,67,1
Easy,SCForcedChoice_blue,67,1
Hard,SCForcedChoice_purple,67,1
posttest:Post-Test:;,TypeResp,68,1
0,BlockVaryQ,68,1
0,ItemVaryQ,68,1
59,FreqPredict_1,68,1
59,FreqPredict_2,68,1
59,FreqPredict_3,68,1
59,FreqPredict_4,68,1
59,FreqPredict_5,68,1
Easy,SCForcedChoice_red,68,1
Easy,SCForcedChoice_orange,68,1
Easy,SCForcedChoice_yellow,68,1
Easy,SCForcedChoice_green,68,1
Easy,SCForcedChoice_blue,68,1
Easy,SCForcedChoice_purple,68,1
posttest:Post-Test:;,TypeResp,69,1
0,BlockVaryQ,69,1
0,ItemVaryQ,69,1
0,FreqPredict_1,69,1
0,FreqPredict_2,69,1
100,FreqPredict_3,69,1
0,FreqPredict_4,69,1
0,FreqPredict_5,69,1
Hard,SCForcedChoice_red,69,1
Hard,SCForcedChoice_orange,69,1
Easy,SCForcedChoice_yellow,69,1
Hard,SCForcedChoice_green,69,1
Hard,SCForcedChoice_blue,69,1
Easy,SCForcedChoice_purple,69,1
posttest:Post-Test:;,TypeResp,70,1
0,BlockVaryQ,70,1
0,ItemVaryQ,70,1
20,FreqPredict_1,70,1
85,FreqPredict_2,70,1
50,FreqPredict_3,70,1
70,FreqPredict_4,70,1
60,FreqPredict_5,70,1
Hard,SCForcedChoice_red,70,1
Easy,SCForcedChoice_orange,70,1
Hard,SCForcedChoice_yellow,70,1
Easy,SCForcedChoice_green,70,1
Neutral,SCForcedChoice_blue,70,1
Neutral,SCForcedChoice_purple,70,1
posttest:Post-Test:;,TypeResp,71,1
0,BlockVaryQ,71,1
1,ItemVaryQ,71,1
29,FreqPredict_1,71,1
0,FreqPredict_2,71,1
0,FreqPredict_3,71,1
0,FreqPredict_4,71,1
0,FreqPredict_5,71,1
Easy,SCForcedChoice_red,71,1
Easy,SCForcedChoice_orange,71,1
Hard,SCForcedChoice_yellow,71,1
Hard,SCForcedChoice_green,71,1
Hard,SCForcedChoice_blue,71,1
Hard,SCForcedChoice_purple,71,1
posttest:Post-Test:;,TypeResp,72,1
0,BlockVaryQ,72,1
0,ItemVaryQ,72,1
55,FreqPredict_1,72,1
30,FreqPredict_2,72,1
65,FreqPredict_3,72,1
45,FreqPredict_4,72,1
65,FreqPredict_5,72,1
Easy,SCForcedChoice_red,72,1
Hard,SCForcedChoice_orange,72,1
Easy,SCForcedChoice_yellow,72,1
Neutral,SCForcedChoice_green,72,1
Easy,SCForcedChoice_blue,72,1
Easy,SCForcedChoice_purple,72,1
posttest:Post-Test:;,TypeResp,73,1
0,BlockVaryQ,73,1
0,ItemVaryQ,73,1
42,FreqPredict_1,73,1
100,FreqPredict_2,73,1
57,FreqPredict_3,73,1
41,FreqPredict_4,73,1
16,FreqPredict_5,73,1
Easy,SCForcedChoice_red,73,1
Hard,SCForcedChoice_orange,73,1
Easy,SCForcedChoice_yellow,73,1
Easy,SCForcedChoice_green,73,1
Easy,SCForcedChoice_blue,73,1
Hard,SCForcedChoice_purple,73,1
posttest:Post-Test:;,TypeResp,74,1
1,BlockVaryQ,74,1
1,ItemVaryQ,74,1
5,FreqPredict_1,74,1
10,FreqPredict_2,74,1
10,FreqPredict_3,74,1
9,FreqPredict_4,74,1
88,FreqPredict_5,74,1
Neutral,SCForcedChoice_red,74,1
Easy,SCForcedChoice_orange,74,1
Easy,SCForcedChoice_yellow,74,1
Hard,SCForcedChoice_green,74,1
Hard,SCForcedChoice_blue,74,1
Neutral,SCForcedChoice_purple,74,1
posttest:Post-Test:;,TypeResp,75,1
0,BlockVaryQ,75,1
0,ItemVaryQ,75,1
15,FreqPredict_1,75,1
26,FreqPredict_2,75,1
8,FreqPredict_3,75,1
80,FreqPredict_4,75,1
23,FreqPredict_5,75,1
Easy,SCForcedChoice_red,75,1
Hard,SCForcedChoice_orange,75,1
Easy,SCForcedChoice_yellow,75,1
Easy,SCForcedChoice_green,75,1
Hard,SCForcedChoice_blue,75,1
Hard,SCForcedChoice_purple,75,1
posttest:Post-Test:;,TypeResp,76,1
0,BlockVaryQ,76,1
0,ItemVaryQ,76,1
0,FreqPredict_1,76,1
0,FreqPredict_2,76,1
47,FreqPredict_3,76,1
100,FreqPredict_4,76,1
100,FreqPredict_5,76,1
Hard,SCForcedChoice_red,76,1
Neutral,SCForcedChoice_orange,76,1
Neutral,SCForcedChoice_yellow,76,1
Hard,SCForcedChoice_green,76,1
Easy,SCForcedChoice_blue,76,1
Hard,SCForcedChoice_purple,76,1
posttest:Post-Test:;,TypeResp,77,1
1,BlockVaryQ,77,1
1,ItemVaryQ,77,1
20,FreqPredict_1,77,1
12,FreqPredict_2,77,1
78,FreqPredict_3,77,1
4,FreqPredict_4,77,1
0,FreqPredict_5,77,1
Hard,SCForcedChoice_red,77,1
Easy,SCForcedChoice_orange,77,1
Neutral,SCForcedChoice_yellow,77,1
Hard,SCForcedChoice_green,77,1
Neutral,SCForcedChoice_blue,77,1
Easy,SCForcedChoice_purple,77,1
posttest:Post-Test:;,TypeResp,78,1
0,BlockVaryQ,78,1
0,ItemVaryQ,78,1
41,FreqPredict_1,78,1
26,FreqPredict_2,78,1
29,FreqPredict_3,78,1
62,FreqPredict_4,78,1
66,FreqPredict_5,78,1
Hard,SCForcedChoice_red,78,1
Easy,SCForcedChoice_orange,78,1
Neutral,SCForcedChoice_yellow,78,1
Easy,SCForcedChoice_green,78,1
Hard,SCForcedChoice_blue,78,1
Easy,SCForcedChoice_purple,78,1
posttest:Post-Test:;,TypeResp,79,1
0,BlockVaryQ,79,1
0,ItemVaryQ,79,1
50,FreqPredict_1,79,1
50,FreqPredict_2,79,1
50,FreqPredict_3,79,1
80,FreqPredict_4,79,1
50,FreqPredict_5,79,1
Hard,SCForcedChoice_red,79,1
Easy,SCForcedChoice_orange,79,1
Easy,SCForcedChoice_yellow,79,1
Neutral,SCForcedChoice_green,79,1
Neutral,SCForcedChoice_blue,79,1
Easy,SCForcedChoice_purple,79,1
posttest:Post-Test:;,TypeResp,80,1
1,BlockVaryQ,80,1
1,ItemVaryQ,80,1
80,FreqPredict_1,80,1
85,FreqPredict_2,80,1
55,FreqPredict_3,80,1
60,FreqPredict_4,80,1
75,FreqPredict_5,80,1
Easy,SCForcedChoice_red,80,1
Hard,SCForcedChoice_orange,80,1
Neutral,SCForcedChoice_yellow,80,1
Neutral,SCForcedChoice_green,80,1
Easy,SCForcedChoice_blue,80,1
Hard,SCForcedChoice_purple,80,1
posttest:Post-Test:;,TypeResp,81,1
1,BlockVaryQ,81,1
1,ItemVaryQ,81,1
4,FreqPredict_1,81,1
4,FreqPredict_2,81,1
0,FreqPredict_3,81,1
0,FreqPredict_4,81,1
0,FreqPredict_5,81,1
Neutral,SCForcedChoice_red,81,1
Hard,SCForcedChoice_orange,81,1
Easy,SCForcedChoice_yellow,81,1
Hard,SCForcedChoice_green,81,1
Hard,SCForcedChoice_blue,81,1
Hard,SCForcedChoice_purple,81,1
posttest:Post-Test:;,TypeResp,82,1
0,BlockVaryQ,82,1
0,ItemVaryQ,82,1
24,FreqPredict_1,82,1
73,FreqPredict_2,82,1
11,FreqPredict_3,82,1
0,FreqPredict_4,82,1
0,FreqPredict_5,82,1
Easy,SCForcedChoice_red,82,1
Neutral,SCForcedChoice_orange,82,1
Easy,SCForcedChoice_yellow,82,1
Neutral,SCForcedChoice_green,82,1
Hard,SCForcedChoice_blue,82,1
Hard,SCForcedChoice_purple,82,1
posttest:Post-Test:;,TypeResp,83,1
0,BlockVaryQ,83,1
0,ItemVaryQ,83,1
13,FreqPredict_1,83,1
60,FreqPredict_2,83,1
34,FreqPredict_3,83,1
77,FreqPredict_4,83,1
91,FreqPredict_5,83,1
Hard,SCForcedChoice_red,83,1
Hard,SCForcedChoice_orange,83,1
Easy,SCForcedChoice_yellow,83,1
Easy,SCForcedChoice_green,83,1
Hard,SCForcedChoice_blue,83,1
Hard,SCForcedChoice_purple,83,1
posttest:Post-Test:;,TypeResp,84,1
0,BlockVaryQ,84,1
1,ItemVaryQ,84,1
90,FreqPredict_1,84,1
95,FreqPredict_2,84,1
30,FreqPredict_3,84,1
0,FreqPredict_4,84,1
85,FreqPredict_5,84,1
Neutral,SCForcedChoice_red,84,1
Hard,SCForcedChoice_orange,84,1
Neutral,SCForcedChoice_yellow,84,1
Easy,SCForcedChoice_green,84,1
Easy,SCForcedChoice_blue,84,1
Hard,SCForcedChoice_purple,84,1
posttest:Post-Test:;,TypeResp,85,1
1,BlockVaryQ,85,1
1,ItemVaryQ,85,1
73,FreqPredict_1,85,1
35,FreqPredict_2,85,1
55,FreqPredict_3,85,1
69,FreqPredict_4,85,1
35,FreqPredict_5,85,1
Hard,SCForcedChoice_red,85,1
Easy,SCForcedChoice_orange,85,1
Hard,SCForcedChoice_yellow,85,1
Hard,SCForcedChoice_green,85,1
Easy,SCForcedChoice_blue,85,1
Hard,SCForcedChoice_purple,85,1
posttest:Post-Test:;,TypeResp,86,1
0,BlockVaryQ,86,1
0,ItemVaryQ,86,1
72,FreqPredict_1,86,1
49,FreqPredict_2,86,1
75,FreqPredict_3,86,1
71,FreqPredict_4,86,1
82,FreqPredict_5,86,1
Easy,SCForcedChoice_red,86,1
Hard,SCForcedChoice_orange,86,1
Easy,SCForcedChoice_yellow,86,1
Hard,SCForcedChoice_green,86,1
Easy,SCForcedChoice_blue,86,1
Easy,SCForcedChoice_purple,86,1
posttest:Post-Test:;,TypeResp,87,1
0,BlockVaryQ,87,1
0,ItemVaryQ,87,1
66,FreqPredict_1,87,1
69,FreqPredict_2,87,1
59,FreqPredict_3,87,1
46,FreqPredict_4,87,1
54,FreqPredict_5,87,1
Neutral,SCForcedChoice_red,87,1
Neutral,SCForcedChoice_orange,87,1
Easy,SCForcedChoice_yellow,87,1
Easy,SCForcedChoice_green,87,1
Easy,SCForcedChoice_blue,87,1
Hard,SCForcedChoice_purple,87,1
posttest:Post-Test:;,TypeResp,88,1
0,BlockVaryQ,88,1
1,ItemVaryQ,88,1
36,FreqPredict_1,88,1
43,FreqPredict_2,88,1
66,FreqPredict_3,88,1
77,FreqPredict_4,88,1
52,FreqPredict_5,88,1
Hard,SCForcedChoice_red,88,1
Easy,SCForcedChoice_orange,88,1
Easy,SCForcedChoice_yellow,88,1
Easy,SCForcedChoice_green,88,1
Hard,SCForcedChoice_blue,88,1
Hard,SCForcedChoice_purple,88,1
posttest:Post-Test:;,TypeResp,89,2
1,BlockVaryQ,89,2
1,ItemVaryQ,89,2
60,FreqPredict_1,89,2
29,FreqPredict_2,89,2
21,FreqPredict_3,89,2
22,FreqPredict_4,89,2
21,FreqPredict_5,89,2
Hard,SCForcedChoice_red,89,2
Easy,SCForcedChoice_orange,89,2
Neutral,SCForcedChoice_yellow,89,2
Hard,SCForcedChoice_green,89,2
Easy,SCForcedChoice_blue,89,2
Hard,SCForcedChoice_purple,89,2
posttest:Post-Test:;,TypeResp,90,2
0,BlockVaryQ,90,2
1,ItemVaryQ,90,2
25,FreqPredict_1,90,2
15,FreqPredict_2,90,2
21,FreqPredict_3,90,2
70,FreqPredict_4,90,2
73,FreqPredict_5,90,2
Easy,SCForcedChoice_red,90,2
Neutral,SCForcedChoice_orange,90,2
Hard,SCForcedChoice_yellow,90,2
Hard,SCForcedChoice_green,90,2
Easy,SCForcedChoice_blue,90,2
Easy,SCForcedChoice_purple,90,2
posttest:Post-Test:;,TypeResp,91,2
1,BlockVaryQ,91,2
1,ItemVaryQ,91,2
62,FreqPredict_1,91,2
17,FreqPredict_2,91,2
85,FreqPredict_3,91,2
76,FreqPredict_4,91,2
80,FreqPredict_5,91,2
Hard,SCForcedChoice_red,91,2
Hard,SCForcedChoice_orange,91,2
Easy,SCForcedChoice_yellow,91,2
Neutral,SCForcedChoice_green,91,2
Easy,SCForcedChoice_blue,91,2
Neutral,SCForcedChoice_purple,91,2
posttest:Post-Test:;,TypeResp,92,2
1,BlockVaryQ,92,2
1,ItemVaryQ,92,2
60,FreqPredict_1,92,2
66,FreqPredict_2,92,2
81,FreqPredict_3,92,2
72,FreqPredict_4,92,2
70,FreqPredict_5,92,2
Easy,SCForcedChoice_red,92,2
Easy,SCForcedChoice_orange,92,2
Neutral,SCForcedChoice_yellow,92,2
Easy,SCForcedChoice_green,92,2
Easy,SCForcedChoice_blue,92,2
Easy,SCForcedChoice_purple,92,2
posttest:Post-Test:;,TypeResp,93,2
1,BlockVaryQ,93,2
1,ItemVaryQ,93,2
95,FreqPredict_1,93,2
60,FreqPredict_2,93,2
5,FreqPredict_3,93,2
10,FreqPredict_4,93,2
32,FreqPredict_5,93,2
Hard,SCForcedChoice_red,93,2
Hard,SCForcedChoice_orange,93,2
Hard,SCForcedChoice_yellow,93,2
Easy,SCForcedChoice_green,93,2
Easy,SCForcedChoice_blue,93,2
Hard,SCForcedChoice_purple,93,2
posttest:Post-Test:;,TypeResp,94,2
1,BlockVaryQ,94,2
1,ItemVaryQ,94,2
56,FreqPredict_1,94,2
39,FreqPredict_2,94,2
18,FreqPredict_3,94,2
53,FreqPredict_4,94,2
57,FreqPredict_5,94,2
Neutral,SCForcedChoice_red,94,2
Easy,SCForcedChoice_orange,94,2
Easy,SCForcedChoice_yellow,94,2
Hard,SCForcedChoice_green,94,2
Easy,SCForcedChoice_blue,94,2
Hard,SCForcedChoice_purple,94,2
posttest:Post-Test:;,TypeResp,95,2
1,BlockVaryQ,95,2
1,ItemVaryQ,95,2
32,FreqPredict_1,95,2
28,FreqPredict_2,95,2
55,FreqPredict_3,95,2
72,FreqPredict_4,95,2
75,FreqPredict_5,95,2
Easy,SCForcedChoice_red,95,2
Hard,SCForcedChoice_orange,95,2
Easy,SCForcedChoice_yellow,95,2
Hard,SCForcedChoice_green,95,2
Easy,SCForcedChoice_blue,95,2
Hard,SCForcedChoice_purple,95,2
posttest:Post-Test:;,TypeResp,96,2
0,BlockVaryQ,96,2
0,ItemVaryQ,96,2
48,FreqPredict_1,96,2
10,FreqPredict_2,96,2
42,FreqPredict_3,96,2
9,FreqPredict_4,96,2
90,FreqPredict_5,96,2
Easy,SCForcedChoice_red,96,2
Neutral,SCForcedChoice_orange,96,2
Neutral,SCForcedChoice_yellow,96,2
Hard,SCForcedChoice_green,96,2
Hard,SCForcedChoice_blue,96,2
Easy,SCForcedChoice_purple,96,2
posttest:Post-Test:;,TypeResp,97,2
1,BlockVaryQ,97,2
0,ItemVaryQ,97,2
54,FreqPredict_1,97,2
67,FreqPredict_2,97,2
86,FreqPredict_3,97,2
0,FreqPredict_4,97,2
0,FreqPredict_5,97,2
Neutral,SCForcedChoice_red,97,2
Hard,SCForcedChoice_orange,97,2
Hard,SCForcedChoice_yellow,97,2
Neutral,SCForcedChoice_green,97,2
Hard,SCForcedChoice_blue,97,2
Hard,SCForcedChoice_purple,97,2
posttest:Post-Test:;,TypeResp,98,2
1,BlockVaryQ,98,2
1,ItemVaryQ,98,2
15,FreqPredict_1,98,2
0,FreqPredict_2,98,2
0,FreqPredict_3,98,2
15,FreqPredict_4,98,2
75,FreqPredict_5,98,2
Hard,SCForcedChoice_red,98,2
Neutral,SCForcedChoice_orange,98,2
Easy,SCForcedChoice_yellow,98,2
Easy,SCForcedChoice_green,98,2
Neutral,SCForcedChoice_blue,98,2
Hard,SCForcedChoice_purple,98,2
posttest:Post-Test:;,TypeResp,99,2
1,BlockVaryQ,99,2
1,ItemVaryQ,99,2
0,FreqPredict_1,99,2
50,FreqPredict_2,99,2
0,FreqPredict_3,99,2
0,FreqPredict_4,99,2
0,FreqPredict_5,99,2
Neutral,SCForcedChoice_red,99,2
Neutral,SCForcedChoice_orange,99,2
Easy,SCForcedChoice_yellow,99,2
Neutral,SCForcedChoice_green,99,2
Hard,SCForcedChoice_blue,99,2
Hard,SCForcedChoice_purple,99,2
posttest:Post-Test:;,TypeResp,100,2
0,BlockVaryQ,100,2
0,ItemVaryQ,100,2
0,FreqPredict_1,100,2
0,FreqPredict_2,100,2
0,FreqPredict_3,100,2
100,FreqPredict_4,100,2
0,FreqPredict_5,100,2
Easy,SCForcedChoice_red,100,2
Hard,SCForcedChoice_orange,100,2
Hard,SCForcedChoice_yellow,100,2
Neutral,SCForcedChoice_green,100,2
Easy,SCForcedChoice_blue,100,2
Neutral,SCForcedChoice_purple,100,2
posttest:Post-Test:;,TypeResp,101,2
0,BlockVaryQ,101,2
1,ItemVaryQ,101,2
0,FreqPredict_1,101,2
0,FreqPredict_2,101,2
0,FreqPredict_3,101,2
100,FreqPredict_4,101,2
0,FreqPredict_5,101,2
Easy,SCForcedChoice_red,101,2
Hard,SCForcedChoice_orange,101,2
Neutral,SCForcedChoice_yellow,101,2
Hard,SCForcedChoice_green,101,2
Easy,SCForcedChoice_blue,101,2
Neutral,SCForcedChoice_purple,101,2
posttest:Post-Test:;,TypeResp,102,2
1,BlockVaryQ,102,2
1,ItemVaryQ,102,2
15,FreqPredict_1,102,2
15,FreqPredict_2,102,2
15,FreqPredict_3,102,2
15,FreqPredict_4,102,2
90,FreqPredict_5,102,2
Easy,SCForcedChoice_red,102,2
Easy,SCForcedChoice_orange,102,2
Hard,SCForcedChoice_yellow,102,2
Hard,SCForcedChoice_green,102,2
Easy,SCForcedChoice_blue,102,2
Hard,SCForcedChoice_purple,102,2
posttest:Post-Test:;,TypeResp,103,2
0,BlockVaryQ,103,2
0,ItemVaryQ,103,2
4,FreqPredict_1,103,2
11,FreqPredict_2,103,2
27,FreqPredict_3,103,2
25,FreqPredict_4,103,2
82,FreqPredict_5,103,2
Easy,SCForcedChoice_red,103,2
Neutral,SCForcedChoice_orange,103,2
Easy,SCForcedChoice_yellow,103,2
Neutral,SCForcedChoice_green,103,2
Hard,SCForcedChoice_blue,103,2
Hard,SCForcedChoice_purple,103,2
posttest:Post-Test:;,TypeResp,104,2
1,BlockVaryQ,104,2
1,ItemVaryQ,104,2
20,FreqPredict_1,104,2
20,FreqPredict_2,104,2
75,FreqPredict_3,104,2
75,FreqPredict_4,104,2
75,FreqPredict_5,104,2
Easy,SCForcedChoice_red,104,2
Neutral,SCForcedChoice_orange,104,2
Neutral,SCForcedChoice_yellow,104,2
Hard,SCForcedChoice_green,104,2
Hard,SCForcedChoice_blue,104,2
Hard,SCForcedChoice_purple,104,2
posttest:Post-Test:;,TypeResp,105,2
0,BlockVaryQ,105,2
0,ItemVaryQ,105,2
0,FreqPredict_1,105,2
0,FreqPredict_2,105,2
52,FreqPredict_3,105,2
0,FreqPredict_4,105,2
0,FreqPredict_5,105,2
Neutral,SCForcedChoice_red,105,2
Neutral,SCForcedChoice_orange,105,2
Neutral,SCForcedChoice_yellow,105,2
Neutral,SCForcedChoice_green,105,2
Neutral,SCForcedChoice_blue,105,2
Neutral,SCForcedChoice_purple,105,2
posttest:Post-Test:;,TypeResp,106,2
1,BlockVaryQ,106,2
1,ItemVaryQ,106,2
82,FreqPredict_1,106,2
0,FreqPredict_2,106,2
0,FreqPredict_3,106,2
29,FreqPredict_4,106,2
0,FreqPredict_5,106,2
Easy,SCForcedChoice_red,106,2
Easy,SCForcedChoice_orange,106,2
Easy,SCForcedChoice_yellow,106,2
Hard,SCForcedChoice_green,106,2
Neutral,SCForcedChoice_blue,106,2
Hard,SCForcedChoice_purple,106,2
posttest:Post-Test:;,TypeResp,107,2
0,BlockVaryQ,107,2
1,ItemVaryQ,107,2
81,FreqPredict_1,107,2
7,FreqPredict_2,107,2
23,FreqPredict_3,107,2
17,FreqPredict_4,107,2
14,FreqPredict_5,107,2
Neutral,SCForcedChoice_red,107,2
Hard,SCForcedChoice_orange,107,2
Hard,SCForcedChoice_yellow,107,2
Hard,SCForcedChoice_green,107,2
Hard,SCForcedChoice_blue,107,2
Easy,SCForcedChoice_purple,107,2
posttest:Post-Test:;,TypeResp,108,2
0,BlockVaryQ,108,2
1,ItemVaryQ,108,2
76,FreqPredict_1,108,2
38,FreqPredict_2,108,2
36,FreqPredict_3,108,2
60,FreqPredict_4,108,2
30,FreqPredict_5,108,2
Easy,SCForcedChoice_red,108,2
Easy,SCForcedChoice_orange,108,2
Hard,SCForcedChoice_yellow,108,2
Neutral,SCForcedChoice_green,108,2
Hard,SCForcedChoice_blue,108,2
Neutral,SCForcedChoice_purple,108,2
posttest:Post-Test:;,TypeResp,109,2
1,BlockVaryQ,109,2
1,ItemVaryQ,109,2
0,FreqPredict_1,109,2
0,FreqPredict_2,109,2
0,FreqPredict_3,109,2
100,FreqPredict_4,109,2
0,FreqPredict_5,109,2
Easy,SCForcedChoice_red,109,2
Hard,SCForcedChoice_orange,109,2
Hard,SCForcedChoice_yellow,109,2
Hard,SCForcedChoice_green,109,2
Easy,SCForcedChoice_blue,109,2
Hard,SCForcedChoice_purple,109,2
posttest:Post-Test:;,TypeResp,110,2
1,BlockVaryQ,110,2
1,ItemVaryQ,110,2
50,FreqPredict_1,110,2
50,FreqPredict_2,110,2
25,FreqPredict_3,110,2
25,FreqPredict_4,110,2
80,FreqPredict_5,110,2
Neutral,SCForcedChoice_red,110,2
Hard,SCForcedChoice_orange,110,2
Hard,SCForcedChoice_yellow,110,2
Easy,SCForcedChoice_green,110,2
Easy,SCForcedChoice_blue,110,2
Neutral,SCForcedChoice_purple,110,2
posttest:Post-Test:;,TypeResp,111,2
1,BlockVaryQ,111,2
1,ItemVaryQ,111,2
56,FreqPredict_1,111,2
24,FreqPredict_2,111,2
26,FreqPredict_3,111,2
81,FreqPredict_4,111,2
12,FreqPredict_5,111,2
Neutral,SCForcedChoice_red,111,2
Neutral,SCForcedChoice_orange,111,2
Easy,SCForcedChoice_yellow,111,2
Easy,SCForcedChoice_green,111,2
Hard,SCForcedChoice_blue,111,2
Hard,SCForcedChoice_purple,111,2
posttest:Post-Test:;,TypeResp,112,2
0,BlockVaryQ,112,2
0,ItemVaryQ,112,2
67,FreqPredict_1,112,2
35,FreqPredict_2,112,2
66,FreqPredict_3,112,2
61,FreqPredict_4,112,2
31,FreqPredict_5,112,2
Hard,SCForcedChoice_red,112,2
Hard,SCForcedChoice_orange,112,2
Easy,SCForcedChoice_yellow,112,2
Easy,SCForcedChoice_green,112,2
Neutral,SCForcedChoice_blue,112,2
Neutral,SCForcedChoice_purple,112,2
posttest:Post-Test:;,TypeResp,113,2
1,BlockVaryQ,113,2
1,ItemVaryQ,113,2
0,FreqPredict_1,113,2
90,FreqPredict_2,113,2
0,FreqPredict_3,113,2
0,FreqPredict_4,113,2
20,FreqPredict_5,113,2
Neutral,SCForcedChoice_red,113,2
Easy,SCForcedChoice_orange,113,2
Neutral,SCForcedChoice_yellow,113,2
Hard,SCForcedChoice_green,113,2
Hard,SCForcedChoice_blue,113,2
Easy,SCForcedChoice_purple,113,2
posttest:Post-Test:;,TypeResp,114,2
1,BlockVaryQ,114,2
1,ItemVaryQ,114,2
20,FreqPredict_1,114,2
21,FreqPredict_2,114,2
0,FreqPredict_3,114,2
0,FreqPredict_4,114,2
91,FreqPredict_5,114,2
Neutral,SCForcedChoice_red,114,2
Easy,SCForcedChoice_orange,114,2
Easy,SCForcedChoice_yellow,114,2
Hard,SCForcedChoice_green,114,2
Hard,SCForcedChoice_blue,114,2
Neutral,SCForcedChoice_purple,114,2
posttest:Post-Test:;,TypeResp,115,2
1,BlockVaryQ,115,2
1,ItemVaryQ,115,2
78,FreqPredict_1,115,2
28,FreqPredict_2,115,2
29,FreqPredict_3,115,2
28,FreqPredict_4,115,2
28,FreqPredict_5,115,2
Easy,SCForcedChoice_red,115,2
Neutral,SCForcedChoice_orange,115,2
Easy,SCForcedChoice_yellow,115,2
Neutral,SCForcedChoice_green,115,2
Hard,SCForcedChoice_blue,115,2
Hard,SCForcedChoice_purple,115,2
posttest:Post-Test:;,TypeResp,116,2
0,BlockVaryQ,116,2
0,ItemVaryQ,116,2
0,FreqPredict_1,116,2
0,FreqPredict_2,116,2
0,FreqPredict_3,116,2
100,FreqPredict_4,116,2
0,FreqPredict_5,116,2
Neutral,SCForcedChoice_red,116,2
Easy,SCForcedChoice_orange,116,2
Easy,SCForcedChoice_yellow,116,2
Hard,SCForcedChoice_green,116,2
Neutral,SCForcedChoice_blue,116,2
Hard,SCForcedChoice_purple,116,2
posttest:Post-Test:;,TypeResp,117,2
1,BlockVaryQ,117,2
0,ItemVaryQ,117,2
80,FreqPredict_1,117,2
37,FreqPredict_2,117,2
70,FreqPredict_3,117,2
85,FreqPredict_4,117,2
35,FreqPredict_5,117,2
Hard,SCForcedChoice_red,117,2
Hard,SCForcedChoice_orange,117,2
Neutral,SCForcedChoice_yellow,117,2
Neutral,SCForcedChoice_green,117,2
Easy,SCForcedChoice_blue,117,2
Easy,SCForcedChoice_purple,117,2
posttest:Post-Test:;,TypeResp,118,2
1,BlockVaryQ,118,2
0,ItemVaryQ,118,2
25,FreqPredict_1,118,2
55,FreqPredict_2,118,2
60,FreqPredict_3,118,2
40,FreqPredict_4,118,2
70,FreqPredict_5,118,2
Neutral,SCForcedChoice_red,118,2
Easy,SCForcedChoice_orange,118,2
Easy,SCForcedChoice_yellow,118,2
Hard,SCForcedChoice_green,118,2
Neutral,SCForcedChoice_blue,118,2
Easy,SCForcedChoice_purple,118,2
posttest:Post-Test:;,TypeResp,119,2
1,BlockVaryQ,119,2
1,ItemVaryQ,119,2
11,FreqPredict_1,119,2
18,FreqPredict_2,119,2
56,FreqPredict_3,119,2
83,FreqPredict_4,119,2
17,FreqPredict_5,119,2
Neutral,SCForcedChoice_red,119,2
Hard,SCForcedChoice_orange,119,2
Easy,SCForcedChoice_yellow,119,2
Hard,SCForcedChoice_green,119,2
Neutral,SCForcedChoice_blue,119,2
Easy,SCForcedChoice_purple,119,2
posttest:Post-Test:;,TypeResp,120,2
1,BlockVaryQ,120,2
1,ItemVaryQ,120,2
0,FreqPredict_1,120,2
90,FreqPredict_2,120,2
8,FreqPredict_3,120,2
0,FreqPredict_4,120,2
9,FreqPredict_5,120,2
Neutral,SCForcedChoice_red,120,2
Easy,SCForcedChoice_orange,120,2
Neutral,SCForcedChoice_yellow,120,2
Easy,SCForcedChoice_green,120,2
Hard,SCForcedChoice_blue,120,2
Hard,SCForcedChoice_purple,120,2
posttest:Post-Test:;,TypeResp,121,2
0,BlockVaryQ,121,2
0,ItemVaryQ,121,2
66,FreqPredict_1,121,2
55,FreqPredict_2,121,2
62,FreqPredict_3,121,2
56,FreqPredict_4,121,2
63,FreqPredict_5,121,2
Easy,SCForcedChoice_red,121,2
Hard,SCForcedChoice_orange,121,2
Hard,SCForcedChoice_yellow,121,2
Easy,SCForcedChoice_green,121,2
Neutral,SCForcedChoice_blue,121,2
Neutral,SCForcedChoice_purple,121,2
posttest:Post-Test:;,TypeResp,122,2
1,BlockVaryQ,122,2
1,ItemVaryQ,122,2
27,FreqPredict_1,122,2
30,FreqPredict_2,122,2
73,FreqPredict_3,122,2
48,FreqPredict_4,122,2
51,FreqPredict_5,122,2
Neutral,SCForcedChoice_red,122,2
Neutral,SCForcedChoice_orange,122,2
Hard,SCForcedChoice_yellow,122,2
Hard,SCForcedChoice_green,122,2
Easy,SCForcedChoice_blue,122,2
Easy,SCForcedChoice_purple,122,2
posttest:Post-Test:;,TypeResp,123,2
1,BlockVaryQ,123,2
1,ItemVaryQ,123,2
36,FreqPredict_1,123,2
75,FreqPredict_2,123,2
65,FreqPredict_3,123,2
66,FreqPredict_4,123,2
36,FreqPredict_5,123,2
Easy,SCForcedChoice_red,123,2
Hard,SCForcedChoice_orange,123,2
Easy,SCForcedChoice_yellow,123,2
Neutral,SCForcedChoice_green,123,2
Neutral,SCForcedChoice_blue,123,2
Hard,SCForcedChoice_purple,123,2
posttest:Post-Test:;,TypeResp,124,2
1,BlockVaryQ,124,2
1,ItemVaryQ,124,2
1,FreqPredict_1,124,2
17,FreqPredict_2,124,2
47,FreqPredict_3,124,2
47,FreqPredict_4,124,2
11,FreqPredict_5,124,2
Neutral,SCForcedChoice_red,124,2
Neutral,SCForcedChoice_orange,124,2
Hard,SCForcedChoice_yellow,124,2
Neutral,SCForcedChoice_green,124,2
Easy,SCForcedChoice_blue,124,2
Hard,SCForcedChoice_purple,124,2
posttest:Post-Test:;,TypeResp,125,2
1,BlockVaryQ,125,2
1,ItemVaryQ,125,2
50,FreqPredict_1,125,2
50,FreqPredict_2,125,2
60,FreqPredict_3,125,2
60,FreqPredict_4,125,2
50,FreqPredict_5,125,2
Neutral,SCForcedChoice_red,125,2
Easy,SCForcedChoice_orange,125,2
Easy,SCForcedChoice_yellow,125,2
Neutral,SCForcedChoice_green,125,2
Easy,SCForcedChoice_blue,125,2
Easy,SCForcedChoice_purple,125,2
posttest:Post-Test:;,TypeResp,126,2
1,BlockVaryQ,126,2
1,ItemVaryQ,126,2
100,FreqPredict_1,126,2
20,FreqPredict_2,126,2
75,FreqPredict_3,126,2
65,FreqPredict_4,126,2
19,FreqPredict_5,126,2
Hard,SCForcedChoice_red,126,2
Neutral,SCForcedChoice_orange,126,2
Easy,SCForcedChoice_yellow,126,2
Easy,SCForcedChoice_green,126,2
Hard,SCForcedChoice_blue,126,2
Neutral,SCForcedChoice_purple,126,2
posttest:Post-Test:;,TypeResp,127,2
1,BlockVaryQ,127,2
1,ItemVaryQ,127,2
5,FreqPredict_1,127,2
0,FreqPredict_2,127,2
0,FreqPredict_3,127,2
0,FreqPredict_4,127,2
0,FreqPredict_5,127,2
Easy,SCForcedChoice_red,127,2
Easy,SCForcedChoice_orange,127,2
Neutral,SCForcedChoice_yellow,127,2
Hard,SCForcedChoice_green,127,2
Hard,SCForcedChoice_blue,127,2
Neutral,SCForcedChoice_purple,127,2
posttest:Post-Test:;,TypeResp,128,2
1,BlockVaryQ,128,2
0,ItemVaryQ,128,2
0,FreqPredict_1,128,2
0,FreqPredict_2,128,2
0,FreqPredict_3,128,2
0,FreqPredict_4,128,2
100,FreqPredict_5,128,2
Neutral,SCForcedChoice_red,128,2
Hard,SCForcedChoice_orange,128,2
Hard,SCForcedChoice_yellow,128,2
Neutral,SCForcedChoice_green,128,2
Hard,SCForcedChoice_blue,128,2
Neutral,SCForcedChoice_purple,128,2
posttest:Post-Test:;,TypeResp,129,2
1,BlockVaryQ,129,2
1,ItemVaryQ,129,2
73,FreqPredict_1,129,2
69,FreqPredict_2,129,2
69,FreqPredict_3,129,2
56,FreqPredict_4,129,2
80,FreqPredict_5,129,2
Easy,SCForcedChoice_red,129,2
Neutral,SCForcedChoice_orange,129,2
Neutral,SCForcedChoice_yellow,129,2
Hard,SCForcedChoice_green,129,2
Easy,SCForcedChoice_blue,129,2
Hard,SCForcedChoice_purple,129,2
posttest:Post-Test:;,TypeResp,130,2
0,BlockVaryQ,130,2
0,ItemVaryQ,130,2
90,FreqPredict_1,130,2
80,FreqPredict_2,130,2
40,FreqPredict_3,130,2
10,FreqPredict_4,130,2
25,FreqPredict_5,130,2
Easy,SCForcedChoice_red,130,2
Neutral,SCForcedChoice_orange,130,2
Hard,SCForcedChoice_yellow,130,2
Hard,SCForcedChoice_green,130,2
Easy,SCForcedChoice_blue,130,2
Neutral,SCForcedChoice_purple,130,2
posttest:Post-Test:;,TypeResp,131,2
1,BlockVaryQ,131,2
1,ItemVaryQ,131,2
0,FreqPredict_1,131,2
0,FreqPredict_2,131,2
0,FreqPredict_3,131,2
100,FreqPredict_4,131,2
0,FreqPredict_5,131,2
Neutral,SCForcedChoice_red,131,2
Hard,SCForcedChoice_orange,131,2
Easy,SCForcedChoice_yellow,131,2
Hard,SCForcedChoice_green,131,2
Neutral,SCForcedChoice_blue,131,2
Easy,SCForcedChoice_purple,131,2
posttest:Post-Test:;,TypeResp,132,2
0,BlockVaryQ,132,2
1,ItemVaryQ,132,2
0,FreqPredict_1,132,2
61,FreqPredict_2,132,2
90,FreqPredict_3,132,2
61,FreqPredict_4,132,2
11,FreqPredict_5,132,2
Hard,SCForcedChoice_red,132,2
Neutral,SCForcedChoice_orange,132,2
Neutral,SCForcedChoice_yellow,132,2
Hard,SCForcedChoice_green,132,2
Easy,SCForcedChoice_blue,132,2
Easy,SCForcedChoice_purple,132,2
posttest:Post-Test:;,TypeResp,133,2
1,BlockVaryQ,133,2
1,ItemVaryQ,133,2
75,FreqPredict_1,133,2
64,FreqPredict_2,133,2
35,FreqPredict_3,133,2
69,FreqPredict_4,133,2
66,FreqPredict_5,133,2
Hard,SCForcedChoice_red,133,2
Easy,SCForcedChoice_orange,133,2
Neutral,SCForcedChoice_yellow,133,2
Neutral,SCForcedChoice_green,133,2
Hard,SCForcedChoice_blue,133,2
Easy,SCForcedChoice_purple,133,2
posttest:Post-Test:;,TypeResp,134,2
0,BlockVaryQ,134,2
1,ItemVaryQ,134,2
100,FreqPredict_1,134,2
48,FreqPredict_2,134,2
39,FreqPredict_3,134,2
70,FreqPredict_4,134,2
65,FreqPredict_5,134,2
Hard,SCForcedChoice_red,134,2
Hard,SCForcedChoice_orange,134,2
Neutral,SCForcedChoice_yellow,134,2
Neutral,SCForcedChoice_green,134,2
Hard,SCForcedChoice_blue,134,2
Hard,SCForcedChoice_purple,134,2
posttest:Post-Test:;,TypeResp,135,2
0,BlockVaryQ,135,2
0,ItemVaryQ,135,2
80,FreqPredict_1,135,2
39,FreqPredict_2,135,2
17,FreqPredict_3,135,2
68,FreqPredict_4,135,2
23,FreqPredict_5,135,2
Neutral,SCForcedChoice_red,135,2
Hard,SCForcedChoice_orange,135,2
Easy,SCForcedChoice_yellow,135,2
Easy,SCForcedChoice_green,135,2
Hard,SCForcedChoice_blue,135,2
Hard,SCForcedChoice_purple,135,2
posttest:Post-Test:;,TypeResp,136,2
0,BlockVaryQ,136,2
0,ItemVaryQ,136,2
65,FreqPredict_1,136,2
70,FreqPredict_2,136,2
55,FreqPredict_3,136,2
80,FreqPredict_4,136,2
20,FreqPredict_5,136,2
Hard,SCForcedChoice_red,136,2
Easy,SCForcedChoice_orange,136,2
Neutral,SCForcedChoice_yellow,136,2
Neutral,SCForcedChoice_green,136,2
Hard,SCForcedChoice_blue,136,2
Easy,SCForcedChoice_purple,136,2
posttest:Post-Test:;,TypeResp,137,2
1,BlockVaryQ,137,2
1,ItemVaryQ,137,2
36,FreqPredict_1,137,2
18,FreqPredict_2,137,2
48,FreqPredict_3,137,2
38,FreqPredict_4,137,2
30,FreqPredict_5,137,2
Neutral,SCForcedChoice_red,137,2
Hard,SCForcedChoice_orange,137,2
Hard,SCForcedChoice_yellow,137,2
Easy,SCForcedChoice_green,137,2
Easy,SCForcedChoice_blue,137,2
Neutral,SCForcedChoice_purple,137,2
posttest:Post-Test:;,TypeResp,138,2
1,BlockVaryQ,138,2
1,ItemVaryQ,138,2
58,FreqPredict_1,138,2
45,FreqPredict_2,138,2
75,FreqPredict_3,138,2
40,FreqPredict_4,138,2
92,FreqPredict_5,138,2
Easy,SCForcedChoice_red,138,2
Easy,SCForcedChoice_orange,138,2
Neutral,SCForcedChoice_yellow,138,2
Hard,SCForcedChoice_green,138,2
Hard,SCForcedChoice_blue,138,2
Easy,SCForcedChoice_purple,138,2
posttest:Post-Test:;,TypeResp,139,2
0,BlockVaryQ,139,2
0,ItemVaryQ,139,2
31,FreqPredict_1,139,2
33,FreqPredict_2,139,2
0,FreqPredict_3,139,2
100,FreqPredict_4,139,2
30,FreqPredict_5,139,2
Easy,SCForcedChoice_red,139,2
Easy,SCForcedChoice_orange,139,2
Neutral,SCForcedChoice_yellow,139,2
Hard,SCForcedChoice_green,139,2
Hard,SCForcedChoice_blue,139,2
Easy,SCForcedChoice_purple,139,2
posttest:Post-Test:;,TypeResp,140,2
0,BlockVaryQ,140,2
0,ItemVaryQ,140,2
69,FreqPredict_1,140,2
34,FreqPredict_2,140,2
35,FreqPredict_3,140,2
28,FreqPredict_4,140,2
76,FreqPredict_5,140,2
Neutral,SCForcedChoice_red,140,2
Easy,SCForcedChoice_orange,140,2
Hard,SCForcedChoice_yellow,140,2
Hard,SCForcedChoice_green,140,2
Neutral,SCForcedChoice_blue,140,2
Hard,SCForcedChoice_purple,140,2
posttest:Post-Test:;,TypeResp,141,2
0,BlockVaryQ,141,2
0,ItemVaryQ,141,2
65,FreqPredict_1,141,2
64,FreqPredict_2,141,2
40,FreqPredict_3,141,2
37,FreqPredict_4,141,2
42,FreqPredict_5,141,2
Hard,SCForcedChoice_red,141,2
Neutral,SCForcedChoice_orange,141,2
Hard,SCForcedChoice_yellow,141,2
Easy,SCForcedChoice_green,141,2
Neutral,SCForcedChoice_blue,141,2
Easy,SCForcedChoice_purple,141,2
posttest:Post-Test:;,TypeResp,142,2
1,BlockVaryQ,142,2
0,ItemVaryQ,142,2
80,FreqPredict_1,142,2
0,FreqPredict_2,142,2
5,FreqPredict_3,142,2
5,FreqPredict_4,142,2
5,FreqPredict_5,142,2
Neutral,SCForcedChoice_red,142,2
Neutral,SCForcedChoice_orange,142,2
Hard,SCForcedChoice_yellow,142,2
Hard,SCForcedChoice_green,142,2
Easy,SCForcedChoice_blue,142,2
Easy,SCForcedChoice_purple,142,2
posttest:Post-Test:;,TypeResp,143,2
1,BlockVaryQ,143,2
1,ItemVaryQ,143,2
26,FreqPredict_1,143,2
20,FreqPredict_2,143,2
35,FreqPredict_3,143,2
36,FreqPredict_4,143,2
15,FreqPredict_5,143,2
Neutral,SCForcedChoice_red,143,2
Hard,SCForcedChoice_orange,143,2
Hard,SCForcedChoice_yellow,143,2
Neutral,SCForcedChoice_green,143,2
Easy,SCForcedChoice_blue,143,2
Easy,SCForcedChoice_purple,143,2
posttest:Post-Test:;,TypeResp,144,2
1,BlockVaryQ,144,2
1,ItemVaryQ,144,2
75,FreqPredict_1,144,2
50,FreqPredict_2,144,2
50,FreqPredict_3,144,2
50,FreqPredict_4,144,2
50,FreqPredict_5,144,2
Easy,SCForcedChoice_red,144,2
Easy,SCForcedChoice_orange,144,2
Easy,SCForcedChoice_yellow,144,2
Hard,SCForcedChoice_green,144,2
Easy,SCForcedChoice_blue,144,2
Hard,SCForcedChoice_purple,144,2
posttest:Post-Test:;,TypeResp,145,2
1,BlockVaryQ,145,2
1,ItemVaryQ,145,2
35,FreqPredict_1,145,2
35,FreqPredict_2,145,2
40,FreqPredict_3,145,2
30,FreqPredict_4,145,2
52,FreqPredict_5,145,2
Hard,SCForcedChoice_red,145,2
Hard,SCForcedChoice_orange,145,2
Easy,SCForcedChoice_yellow,145,2
Easy,SCForcedChoice_green,145,2
Hard,SCForcedChoice_blue,145,2
Neutral,SCForcedChoice_purple,145,2
posttest:Post-Test:;,TypeResp,146,2
0,BlockVaryQ,146,2
1,ItemVaryQ,146,2
10,FreqPredict_1,146,2
10,FreqPredict_2,146,2
50,FreqPredict_3,146,2
0,FreqPredict_4,146,2
0,FreqPredict_5,146,2
Easy,SCForcedChoice_red,146,2
Hard,SCForcedChoice_orange,146,2
Easy,SCForcedChoice_yellow,146,2
Easy,SCForcedChoice_green,146,2
Easy,SCForcedChoice_blue,146,2
Hard,SCForcedChoice_purple,146,2
posttest:Post-Test:;,TypeResp,147,2
1,BlockVaryQ,147,2
1,ItemVaryQ,147,2
0,FreqPredict_1,147,2
68,FreqPredict_2,147,2
0,FreqPredict_3,147,2
0,FreqPredict_4,147,2
0,FreqPredict_5,147,2
Neutral,SCForcedChoice_red,147,2
Easy,SCForcedChoice_orange,147,2
Easy,SCForcedChoice_yellow,147,2
Neutral,SCForcedChoice_green,147,2
Neutral,SCForcedChoice_blue,147,2
Easy,SCForcedChoice_purple,147,2
posttest:Post-Test:;,TypeResp,148,2
0,BlockVaryQ,148,2
0,ItemVaryQ,148,2
75,FreqPredict_1,148,2
16,FreqPredict_2,148,2
16,FreqPredict_3,148,2
18,FreqPredict_4,148,2
17,FreqPredict_5,148,2
Neutral,SCForcedChoice_red,148,2
Hard,SCForcedChoice_orange,148,2
Easy,SCForcedChoice_yellow,148,2
Easy,SCForcedChoice_green,148,2
Hard,SCForcedChoice_blue,148,2
Easy,SCForcedChoice_purple,148,2
posttest:Post-Test:;,TypeResp,149,2
1,BlockVaryQ,149,2
1,ItemVaryQ,149,2
14,FreqPredict_1,149,2
20,FreqPredict_2,149,2
21,FreqPredict_3,149,2
81,FreqPredict_4,149,2
80,FreqPredict_5,149,2
Easy,SCForcedChoice_red,149,2
Neutral,SCForcedChoice_orange,149,2
Hard,SCForcedChoice_yellow,149,2
Hard,SCForcedChoice_green,149,2
Neutral,SCForcedChoice_blue,149,2
Easy,SCForcedChoice_purple,149,2
posttest:Post-Test:;,TypeResp,150,2
1,BlockVaryQ,150,2
1,ItemVaryQ,150,2
71,FreqPredict_1,150,2
21,FreqPredict_2,150,2
49,FreqPredict_3,150,2
83,FreqPredict_4,150,2
20,FreqPredict_5,150,2
Easy,SCForcedChoice_red,150,2
Hard,SCForcedChoice_orange,150,2
Neutral,SCForcedChoice_yellow,150,2
Hard,SCForcedChoice_green,150,2
Easy,SCForcedChoice_blue,150,2
Neutral,SCForcedChoice_purple,150,2
posttest:Post-Test:;,TypeResp,151,2
0,BlockVaryQ,151,2
0,ItemVaryQ,151,2
65,FreqPredict_1,151,2
64,FreqPredict_2,151,2
24,FreqPredict_3,151,2
29,FreqPredict_4,151,2
34,FreqPredict_5,151,2
Hard,SCForcedChoice_red,151,2
Hard,SCForcedChoice_orange,151,2
Easy,SCForcedChoice_yellow,151,2
Neutral,SCForcedChoice_green,151,2
Neutral,SCForcedChoice_blue,151,2
Easy,SCForcedChoice_purple,151,2
posttest:Post-Test:;,TypeResp,152,2
0,BlockVaryQ,152,2
1,ItemVaryQ,152,2
50,FreqPredict_1,152,2
50,FreqPredict_2,152,2
50,FreqPredict_3,152,2
50,FreqPredict_4,152,2
50,FreqPredict_5,152,2
Neutral,SCForcedChoice_red,152,2
Easy,SCForcedChoice_orange,152,2
Neutral,SCForcedChoice_yellow,152,2
Easy,SCForcedChoice_green,152,2
Hard,SCForcedChoice_blue,152,2
Hard,SCForcedChoice_purple,152,2
posttest:Post-Test:;,TypeResp,153,2
0,BlockVaryQ,153,2
0,ItemVaryQ,153,2
45,FreqPredict_1,153,2
44,FreqPredict_2,153,2
45,FreqPredict_3,153,2
55,FreqPredict_4,153,2
55,FreqPredict_5,153,2
Neutral,SCForcedChoice_red,153,2
Easy,SCForcedChoice_orange,153,2
Hard,SCForcedChoice_yellow,153,2
Hard,SCForcedChoice_green,153,2
Easy,SCForcedChoice_blue,153,2
Neutral,SCForcedChoice_purple,153,2
posttest:Post-Test:;,TypeResp,154,2
0,BlockVaryQ,154,2
1,ItemVaryQ,154,2
31,FreqPredict_1,154,2
67,FreqPredict_2,154,2
54,FreqPredict_3,154,2
75,FreqPredict_4,154,2
76,FreqPredict_5,154,2
Neutral,SCForcedChoice_red,154,2
Easy,SCForcedChoice_orange,154,2
Hard,SCForcedChoice_yellow,154,2
Hard,SCForcedChoice_green,154,2
Neutral,SCForcedChoice_blue,154,2
Easy,SCForcedChoice_purple,154,2
posttest:Post-Test:;,TypeResp,155,2
1,BlockVaryQ,155,2
1,ItemVaryQ,155,2
8,FreqPredict_1,155,2
10,FreqPredict_2,155,2
13,FreqPredict_3,155,2
8,FreqPredict_4,155,2
88,FreqPredict_5,155,2
Neutral,SCForcedChoice_red,155,2
Easy,SCForcedChoice_orange,155,2
Neutral,SCForcedChoice_yellow,155,2
Hard,SCForcedChoice_green,155,2
Easy,SCForcedChoice_blue,155,2
Neutral,SCForcedChoice_purple,155,2
posttest:Post-Test:;,TypeResp,156,2
1,BlockVaryQ,156,2
1,ItemVaryQ,156,2
0,FreqPredict_1,156,2
49,FreqPredict_2,156,2
50,FreqPredict_3,156,2
85,FreqPredict_4,156,2
4,FreqPredict_5,156,2
Easy,SCForcedChoice_red,156,2
Easy,SCForcedChoice_orange,156,2
Neutral,SCForcedChoice_yellow,156,2
Neutral,SCForcedChoice_green,156,2
Hard,SCForcedChoice_blue,156,2
Easy,SCForcedChoice_purple,156,2
posttest:Post-Test:;,TypeResp,157,2
0,BlockVaryQ,157,2
0,ItemVaryQ,157,2
47,FreqPredict_1,157,2
47,FreqPredict_2,157,2
54,FreqPredict_3,157,2
48,FreqPredict_4,157,2
48,FreqPredict_5,157,2
Neutral,SCForcedChoice_red,157,2
Neutral,SCForcedChoice_orange,157,2
Neutral,SCForcedChoice_yellow,157,2
Neutral,SCForcedChoice_green,157,2
Neutral,SCForcedChoice_blue,157,2
Neutral,SCForcedChoice_purple,157,2
posttest:Post-Test:;,TypeResp,158,2
0,BlockVaryQ,158,2
0,ItemVaryQ,158,2
65,FreqPredict_1,158,2
32,FreqPredict_2,158,2
66,FreqPredict_3,158,2
51,FreqPredict_4,158,2
42,FreqPredict_5,158,2
Hard,SCForcedChoice_red,158,2
Easy,SCForcedChoice_orange,158,2
Neutral,SCForcedChoice_yellow,158,2
Neutral,SCForcedChoice_green,158,2
Hard,SCForcedChoice_blue,158,2
Easy,SCForcedChoice_purple,158,2
posttest:Post-Test:;,TypeResp,159,2
0,BlockVaryQ,159,2
1,ItemVaryQ,159,2
73,FreqPredict_1,159,2
48,FreqPredict_2,159,2
10,FreqPredict_3,159,2
11,FreqPredict_4,159,2
12,FreqPredict_5,159,2
Neutral,SCForcedChoice_red,159,2
Neutral,SCForcedChoice_orange,159,2
Hard,SCForcedChoice_yellow,159,2
Hard,SCForcedChoice_green,159,2
Easy,SCForcedChoice_blue,159,2
Neutral,SCForcedChoice_purple,159,2
posttest:Post-Test:;,TypeResp,160,2
1,BlockVaryQ,160,2
1,ItemVaryQ,160,2
20,FreqPredict_1,160,2
19,FreqPredict_2,160,2
19,FreqPredict_3,160,2
87,FreqPredict_4,160,2
22,FreqPredict_5,160,2
Easy,SCForcedChoice_red,160,2
Hard,SCForcedChoice_orange,160,2
Neutral,SCForcedChoice_yellow,160,2
Easy,SCForcedChoice_green,160,2
Easy,SCForcedChoice_blue,160,2
Hard,SCForcedChoice_purple,160,2
posttest:Post-Test:;,TypeResp,161,2
0,BlockVaryQ,161,2
1,ItemVaryQ,161,2
3,FreqPredict_1,161,2
92,FreqPredict_2,161,2
1,FreqPredict_3,161,2
3,FreqPredict_4,161,2
1,FreqPredict_5,161,2
Easy,SCForcedChoice_red,161,2
Hard,SCForcedChoice_orange,161,2
Easy,SCForcedChoice_yellow,161,2
Hard,SCForcedChoice_green,161,2
Neutral,SCForcedChoice_blue,161,2
Neutral,SCForcedChoice_purple,161,2
posttest:Post-Test:;,TypeResp,162,2
0,BlockVaryQ,162,2
0,ItemVaryQ,162,2
0,FreqPredict_1,162,2
0,FreqPredict_2,162,2
0,FreqPredict_3,162,2
0,FreqPredict_4,162,2
100,FreqPredict_5,162,2
Easy,SCForcedChoice_red,162,2
Neutral,SCForcedChoice_orange,162,2
Hard,SCForcedChoice_yellow,162,2
Hard,SCForcedChoice_green,162,2
Neutral,SCForcedChoice_blue,162,2
Easy,SCForcedChoice_purple,162,2
posttest:Post-Test:;,TypeResp,163,2
1,BlockVaryQ,163,2
1,ItemVaryQ,163,2
20,FreqPredict_1,163,2
73,FreqPredict_2,163,2
21,FreqPredict_3,163,2
20,FreqPredict_4,163,2
75,FreqPredict_5,163,2
Hard,SCForcedChoice_red,163,2
Hard,SCForcedChoice_orange,163,2
Easy,SCForcedChoice_yellow,163,2
Hard,SCForcedChoice_green,163,2
Easy,SCForcedChoice_blue,163,2
Easy,SCForcedChoice_purple,163,2
posttest:Post-Test:;,TypeResp,164,2
1,BlockVaryQ,164,2
1,ItemVaryQ,164,2
53,FreqPredict_1,164,2
52,FreqPredict_2,164,2
10,FreqPredict_3,164,2
87,FreqPredict_4,164,2
7,FreqPredict_5,164,2
Easy,SCForcedChoice_red,164,2
Neutral,SCForcedChoice_orange,164,2
Neutral,SCForcedChoice_yellow,164,2
Hard,SCForcedChoice_green,164,2
Easy,SCForcedChoice_blue,164,2
Hard,SCForcedChoice_purple,164,2
posttest:Post-Test:;,TypeResp,165,2
0,BlockVaryQ,165,2
0,ItemVaryQ,165,2
63,FreqPredict_1,165,2
41,FreqPredict_2,165,2
31,FreqPredict_3,165,2
83,FreqPredict_4,165,2
43,FreqPredict_5,165,2
Neutral,SCForcedChoice_red,165,2
Hard,SCForcedChoice_orange,165,2
Easy,SCForcedChoice_yellow,165,2
Easy,SCForcedChoice_green,165,2
Neutral,SCForcedChoice_blue,165,2
Hard,SCForcedChoice_purple,165,2
posttest:Post-Test:;,TypeResp,166,2
0,BlockVaryQ,166,2
1,ItemVaryQ,166,2
11,FreqPredict_1,166,2
92,FreqPredict_2,166,2
0,FreqPredict_3,166,2
0,FreqPredict_4,166,2
0,FreqPredict_5,166,2
Neutral,SCForcedChoice_red,166,2
Hard,SCForcedChoice_orange,166,2
Neutral,SCForcedChoice_yellow,166,2
Hard,SCForcedChoice_green,166,2
Easy,SCForcedChoice_blue,166,2
Easy,SCForcedChoice_purple,166,2
posttest:Post-Test:;,TypeResp,167,2
1,BlockVaryQ,167,2
1,ItemVaryQ,167,2
70,FreqPredict_1,167,2
70,FreqPredict_2,167,2
60,FreqPredict_3,167,2
25,FreqPredict_4,167,2
50,FreqPredict_5,167,2
Easy,SCForcedChoice_red,167,2
Hard,SCForcedChoice_orange,167,2
Easy,SCForcedChoice_yellow,167,2
Easy,SCForcedChoice_green,167,2
Neutral,SCForcedChoice_blue,167,2
Neutral,SCForcedChoice_purple,167,2
posttest:Post-Test:;,TypeResp,168,2
1,BlockVaryQ,168,2
1,ItemVaryQ,168,2
15,FreqPredict_1,168,2
40,FreqPredict_2,168,2
0,FreqPredict_3,168,2
46,FreqPredict_4,168,2
89,FreqPredict_5,168,2
Neutral,SCForcedChoice_red,168,2
Easy,SCForcedChoice_orange,168,2
Hard,SCForcedChoice_yellow,168,2
Hard,SCForcedChoice_green,168,2
Easy,SCForcedChoice_blue,168,2
Neutral,SCForcedChoice_purple,168,2
posttest:Post-Test:;,TypeResp,169,2
1,BlockVaryQ,169,2
0,ItemVaryQ,169,2
52,FreqPredict_1,169,2
45,FreqPredict_2,169,2
53,FreqPredict_3,169,2
54,FreqPredict_4,169,2
21,FreqPredict_5,169,2
Hard,SCForcedChoice_red,169,2
Hard,SCForcedChoice_orange,169,2
Neutral,SCForcedChoice_yellow,169,2
Easy,SCForcedChoice_green,169,2
Neutral,SCForcedChoice_blue,169,2
Easy,SCForcedChoice_purple,169,2
posttest:Post-Test:;,TypeResp,170,2
1,BlockVaryQ,170,2
1,ItemVaryQ,170,2
0,FreqPredict_1,170,2
0,FreqPredict_2,170,2
0,FreqPredict_3,170,2
0,FreqPredict_4,170,2
100,FreqPredict_5,170,2
Easy,SCForcedChoice_red,170,2
Neutral,SCForcedChoice_orange,170,2
Easy,SCForcedChoice_yellow,170,2
Easy,SCForcedChoice_green,170,2
Neutral,SCForcedChoice_blue,170,2
Easy,SCForcedChoice_purple,170,2
posttest:Post-Test:;,TypeResp,171,2
0,BlockVaryQ,171,2
0,ItemVaryQ,171,2
53,FreqPredict_1,171,2
55,FreqPredict_2,171,2
55,FreqPredict_3,171,2
55,FreqPredict_4,171,2
55,FreqPredict_5,171,2
Hard,SCForcedChoice_red,171,2
Hard,SCForcedChoice_orange,171,2
Hard,SCForcedChoice_yellow,171,2
Hard,SCForcedChoice_green,171,2
Easy,SCForcedChoice_blue,171,2
Hard,SCForcedChoice_purple,171,2
posttest:Post-Test:;,TypeResp,172,2
1,BlockVaryQ,172,2
1,ItemVaryQ,172,2
0,FreqPredict_1,172,2
0,FreqPredict_2,172,2
3,FreqPredict_3,172,2
95,FreqPredict_4,172,2
97,FreqPredict_5,172,2
Hard,SCForcedChoice_red,172,2
Neutral,SCForcedChoice_orange,172,2
Easy,SCForcedChoice_yellow,172,2
Neutral,SCForcedChoice_green,172,2
Easy,SCForcedChoice_blue,172,2
Hard,SCForcedChoice_purple,172,2
posttest:Post-Test:;,TypeResp,173,2
1,BlockVaryQ,173,2
1,ItemVaryQ,173,2
75,FreqPredict_1,173,2
40,FreqPredict_2,173,2
75,FreqPredict_3,173,2
25,FreqPredict_4,173,2
60,FreqPredict_5,173,2
Hard,SCForcedChoice_red,173,2
Hard,SCForcedChoice_orange,173,2
Hard,SCForcedChoice_yellow,173,2
Hard,SCForcedChoice_green,173,2
Hard,SCForcedChoice_blue,173,2
Easy,SCForcedChoice_purple,173,2
posttest:Post-Test:;,TypeResp,174,2
1,BlockVaryQ,174,2
1,ItemVaryQ,174,2
0,FreqPredict_1,174,2
0,FreqPredict_2,174,2
0,FreqPredict_3,174,2
0,FreqPredict_4,174,2
50,FreqPredict_5,174,2
Easy,SCForcedChoice_red,174,2
Hard,SCForcedChoice_orange,174,2
Hard,SCForcedChoice_yellow,174,2
Neutral,SCForcedChoice_green,174,2
Neutral,SCForcedChoice_blue,174,2
Easy,SCForcedChoice_purple,174,2
posttest:Post-Test:;,TypeResp,175,2
1,BlockVaryQ,175,2
1,ItemVaryQ,175,2
100,FreqPredict_1,175,2
0,FreqPredict_2,175,2
0,FreqPredict_3,175,2
0,FreqPredict_4,175,2
0,FreqPredict_5,175,2
Hard,SCForcedChoice_red,175,2
Hard,SCForcedChoice_orange,175,2
Neutral,SCForcedChoice_yellow,175,2
Easy,SCForcedChoice_green,175,2
Easy,SCForcedChoice_blue,175,2
Neutral,SCForcedChoice_purple,175,2
posttest:Post-Test:;,TypeResp,176,2
1,BlockVaryQ,176,2
1,ItemVaryQ,176,2
64,FreqPredict_1,176,2
0,FreqPredict_2,176,2
0,FreqPredict_3,176,2
54,FreqPredict_4,176,2
54,FreqPredict_5,176,2
Neutral,SCForcedChoice_red,176,2
Hard,SCForcedChoice_orange,176,2
Easy,SCForcedChoice_yellow,176,2
Neutral,SCForcedChoice_green,176,2
Easy,SCForcedChoice_blue,176,2
Hard,SCForcedChoice_purple,176,2
posttest:Post-Test:;,TypeResp,177,2
1,BlockVaryQ,177,2
1,ItemVaryQ,177,2
37,FreqPredict_1,177,2
21,FreqPredict_2,177,2
19,FreqPredict_3,177,2
60,FreqPredict_4,177,2
35,FreqPredict_5,177,2
Neutral,SCForcedChoice_red,177,2
Hard,SCForcedChoice_orange,177,2
Hard,SCForcedChoice_yellow,177,2
Neutral,SCForcedChoice_green,177,2
Easy,SCForcedChoice_blue,177,2
Easy,SCForcedChoice_purple,177,2
posttest:Post-Test:;,TypeResp,178,2
1,BlockVaryQ,178,2
1,ItemVaryQ,178,2
5,FreqPredict_1,178,2
6,FreqPredict_2,178,2
90,FreqPredict_3,178,2
25,FreqPredict_4,178,2
7,FreqPredict_5,178,2
Easy,SCForcedChoice_red,178,2
Neutral,SCForcedChoice_orange,178,2
Hard,SCForcedChoice_yellow,178,2
Easy,SCForcedChoice_green,178,2
Neutral,SCForcedChoice_blue,178,2
Hard,SCForcedChoice_purple,178,2
posttest:Post-Test:;,TypeResp,179,2
1,BlockVaryQ,179,2
0,ItemVaryQ,179,2
50,FreqPredict_1,179,2
65,FreqPredict_2,179,2
65,FreqPredict_3,179,2
43,FreqPredict_4,179,2
56,FreqPredict_5,179,2
Neutral,SCForcedChoice_red,179,2
Easy,SCForcedChoice_orange,179,2
Hard,SCForcedChoice_yellow,179,2
Hard,SCForcedChoice_green,179,2
Easy,SCForcedChoice_blue,179,2
Neutral,SCForcedChoice_purple,179,2
posttest:Post-Test:;,TypeResp,180,2
1,BlockVaryQ,180,2
1,ItemVaryQ,180,2
18,FreqPredict_1,180,2
22,FreqPredict_2,180,2
21,FreqPredict_3,180,2
17,FreqPredict_4,180,2
19,FreqPredict_5,180,2
Easy,SCForcedChoice_red,180,2
Easy,SCForcedChoice_orange,180,2
Hard,SCForcedChoice_yellow,180,2
Hard,SCForcedChoice_green,180,2
Hard,SCForcedChoice_blue,180,2
Hard,SCForcedChoice_purple,180,2
posttest:Post-Test:;,TypeResp,181,2
1,BlockVaryQ,181,2
1,ItemVaryQ,181,2
9,FreqPredict_1,181,2
13,FreqPredict_2,181,2
6,FreqPredict_3,181,2
6,FreqPredict_4,181,2
97,FreqPredict_5,181,2
Hard,SCForcedChoice_red,181,2
Easy,SCForcedChoice_orange,181,2
Neutral,SCForcedChoice_yellow,181,2
Hard,SCForcedChoice_green,181,2
Easy,SCForcedChoice_blue,181,2
Hard,SCForcedChoice_purple,181,2
posttest:Post-Test:;,TypeResp,182,2
1,BlockVaryQ,182,2
1,ItemVaryQ,182,2
50,FreqPredict_1,182,2
0,FreqPredict_2,182,2
80,FreqPredict_3,182,2
80,FreqPredict_4,182,2
25,FreqPredict_5,182,2
Neutral,SCForcedChoice_red,182,2
Hard,SCForcedChoice_orange,182,2
Hard,SCForcedChoice_yellow,182,2
Easy,SCForcedChoice_green,182,2
Neutral,SCForcedChoice_blue,182,2
Easy,SCForcedChoice_purple,182,2
posttest:Post-Test:;,TypeResp,183,2
0,BlockVaryQ,183,2
1,ItemVaryQ,183,2
21,FreqPredict_1,183,2
67,FreqPredict_2,183,2
70,FreqPredict_3,183,2
21,FreqPredict_4,183,2
68,FreqPredict_5,183,2
Easy,SCForcedChoice_red,183,2
Hard,SCForcedChoice_orange,183,2
Hard,SCForcedChoice_yellow,183,2
Easy,SCForcedChoice_green,183,2
Hard,SCForcedChoice_blue,183,2
Easy,SCForcedChoice_purple,183,2
posttest:Post-Test:;,TypeResp,184,2
1,BlockVaryQ,184,2
1,ItemVaryQ,184,2
22,FreqPredict_1,184,2
21,FreqPredict_2,184,2
20,FreqPredict_3,184,2
15,FreqPredict_4,184,2
85,FreqPredict_5,184,2
Hard,SCForcedChoice_red,184,2
Easy,SCForcedChoice_orange,184,2
Easy,SCForcedChoice_yellow,184,2
Easy,SCForcedChoice_green,184,2
Easy,SCForcedChoice_blue,184,2
Hard,SCForcedChoice_purple,184,2
posttest:Post-Test:;,TypeResp,185,2
1,BlockVaryQ,185,2
1,ItemVaryQ,185,2
20,FreqPredict_1,185,2
20,FreqPredict_2,185,2
27,FreqPredict_3,185,2
75,FreqPredict_4,185,2
26,FreqPredict_5,185,2
Neutral,SCForcedChoice_red,185,2
Easy,SCForcedChoice_orange,185,2
Hard,SCForcedChoice_yellow,185,2
Easy,SCForcedChoice_green,185,2
Easy,SCForcedChoice_blue,185,2
Hard,SCForcedChoice_purple,185,2
posttest:Post-Test:;,TypeResp,186,2
1,BlockVaryQ,186,2
1,ItemVaryQ,186,2
40,FreqPredict_1,186,2
30,FreqPredict_2,186,2
30,FreqPredict_3,186,2
50,FreqPredict_4,186,2
30,FreqPredict_5,186,2
Hard,SCForcedChoice_red,186,2
Easy,SCForcedChoice_orange,186,2
Easy,SCForcedChoice_yellow,186,2
Neutral,SCForcedChoice_green,186,2
Neutral,SCForcedChoice_blue,186,2
Hard,SCForcedChoice_purple,186,2
posttest:Post-Test:;,TypeResp,187,2
1,BlockVaryQ,187,2
1,ItemVaryQ,187,2
0,FreqPredict_1,187,2
0,FreqPredict_2,187,2
0,FreqPredict_3,187,2
85,FreqPredict_4,187,2
0,FreqPredict_5,187,2
Hard,SCForcedChoice_red,187,2
Easy,SCForcedChoice_orange,187,2
Neutral,SCForcedChoice_yellow,187,2
Easy,SCForcedChoice_green,187,2
Hard,SCForcedChoice_blue,187,2
Neutral,SCForcedChoice_purple,187,2
posttest:Post-Test:;,TypeResp,188,2
1,BlockVaryQ,188,2
1,ItemVaryQ,188,2
6,FreqPredict_1,188,2
3,FreqPredict_2,188,2
91,FreqPredict_3,188,2
4,FreqPredict_4,188,2
3,FreqPredict_5,188,2
Easy,SCForcedChoice_red,188,2
Easy,SCForcedChoice_orange,188,2
Hard,SCForcedChoice_yellow,188,2
Neutral,SCForcedChoice_green,188,2
Hard,SCForcedChoice_blue,188,2
Easy,SCForcedChoice_purple,188,2
posttest:Post-Test:;,TypeResp,189,2
1,BlockVaryQ,189,2
1,ItemVaryQ,189,2
0,FreqPredict_1,189,2
90,FreqPredict_2,189,2
0,FreqPredict_3,189,2
0,FreqPredict_4,189,2
0,FreqPredict_5,189,2
Hard,SCForcedChoice_red,189,2
Neutral,SCForcedChoice_orange,189,2
Hard,SCForcedChoice_yellow,189,2
Easy,SCForcedChoice_green,189,2
Easy,SCForcedChoice_blue,189,2
Neutral,SCForcedChoice_purple,189,2
posttest:Post-Test:;,TypeResp,190,2
1,BlockVaryQ,190,2
0,ItemVaryQ,190,2
83,FreqPredict_1,190,2
87,FreqPredict_2,190,2
100,FreqPredict_3,190,2
100,FreqPredict_4,190,2
52,FreqPredict_5,190,2
Hard,SCForcedChoice_red,190,2
Easy,SCForcedChoice_orange,190,2
Hard,SCForcedChoice_yellow,190,2
Neutral,SCForcedChoice_green,190,2
Hard,SCForcedChoice_blue,190,2
Hard,SCForcedChoice_purple,190,2
posttest:Post-Test:;,TypeResp,191,2
0,BlockVaryQ,191,2
1,ItemVaryQ,191,2
75,FreqPredict_1,191,2
20,FreqPredict_2,191,2
5,FreqPredict_3,191,2
65,FreqPredict_4,191,2
45,FreqPredict_5,191,2
Easy,SCForcedChoice_red,191,2
Hard,SCForcedChoice_orange,191,2
Hard,SCForcedChoice_yellow,191,2
Hard,SCForcedChoice_green,191,2
Easy,SCForcedChoice_blue,191,2
Neutral,SCForcedChoice_purple,191,2
posttest:Post-Test:;,TypeResp,192,2
0,BlockVaryQ,192,2
0,ItemVaryQ,192,2
70,FreqPredict_1,192,2
45,FreqPredict_2,192,2
18,FreqPredict_3,192,2
53,FreqPredict_4,192,2
22,FreqPredict_5,192,2
Easy,SCForcedChoice_red,192,2
Easy,SCForcedChoice_orange,192,2
Neutral,SCForcedChoice_yellow,192,2
Hard,SCForcedChoice_green,192,2
Neutral,SCForcedChoice_blue,192,2
Hard,SCForcedChoice_purple,192,2
posttest:Post-Test:;,TypeResp,193,2
1,BlockVaryQ,193,2
0,ItemVaryQ,193,2
0,FreqPredict_1,193,2
0,FreqPredict_2,193,2
76,FreqPredict_3,193,2
0,FreqPredict_4,193,2
0,FreqPredict_5,193,2
Easy,SCForcedChoice_red,193,2
Hard,SCForcedChoice_orange,193,2
Hard,SCForcedChoice_yellow,193,2
Easy,SCForcedChoice_green,193,2
Neutral,SCForcedChoice_blue,193,2
Neutral,SCForcedChoice_purple,193,2
posttest:Post-Test:;,TypeResp,194,2
1,BlockVaryQ,194,2
0,ItemVaryQ,194,2
78,FreqPredict_1,194,2
50,FreqPredict_2,194,2
62,FreqPredict_3,194,2
24,FreqPredict_4,194,2
33,FreqPredict_5,194,2
Easy,SCForcedChoice_red,194,2
Neutral,SCForcedChoice_orange,194,2
Easy,SCForcedChoice_yellow,194,2
Easy,SCForcedChoice_green,194,2
Hard,SCForcedChoice_blue,194,2
Hard,SCForcedChoice_purple,194,2
posttest:Post-Test:;,TypeResp,195,2
0,BlockVaryQ,195,2
1,ItemVaryQ,195,2
100,FreqPredict_1,195,2
0,FreqPredict_2,195,2
75,FreqPredict_3,195,2
75,FreqPredict_4,195,2
0,FreqPredict_5,195,2
Easy,SCForcedChoice_red,195,2
Easy,SCForcedChoice_orange,195,2
Hard,SCForcedChoice_yellow,195,2
Easy,SCForcedChoice_green,195,2
Easy,SCForcedChoice_blue,195,2
Hard,SCForcedChoice_purple,195,2
posttest:Post-Test:;,TypeResp,196,2
0,BlockVaryQ,196,2
0,ItemVaryQ,196,2
37,FreqPredict_1,196,2
63,FreqPredict_2,196,2
65,FreqPredict_3,196,2
38,FreqPredict_4,196,2
36,FreqPredict_5,196,2
Hard,SCForcedChoice_red,196,2
Easy,SCForcedChoice_orange,196,2
Neutral,SCForcedChoice_yellow,196,2
Hard,SCForcedChoice_green,196,2
Neutral,SCForcedChoice_blue,196,2
Easy,SCForcedChoice_purple,196,2
posttest:Post-Test:;,TypeResp,197,2
1,BlockVaryQ,197,2
0,ItemVaryQ,197,2
67,FreqPredict_1,197,2
84,FreqPredict_2,197,2
26,FreqPredict_3,197,2
64,FreqPredict_4,197,2
34,FreqPredict_5,197,2
Hard,SCForcedChoice_red,197,2
Easy,SCForcedChoice_orange,197,2
Neutral,SCForcedChoice_yellow,197,2
Neutral,SCForcedChoice_green,197,2
Hard,SCForcedChoice_blue,197,2
Easy,SCForcedChoice_purple,197,2
posttest:Post-Test:;,TypeResp,198,2
1,BlockVaryQ,198,2
1,ItemVaryQ,198,2
0,FreqPredict_1,198,2
0,FreqPredict_2,198,2
100,FreqPredict_3,198,2
0,FreqPredict_4,198,2
0,FreqPredict_5,198,2
Hard,SCForcedChoice_red,198,2
Neutral,SCForcedChoice_orange,198,2
Neutral,SCForcedChoice_yellow,198,2
Hard,SCForcedChoice_green,198,2
Easy,SCForcedChoice_blue,198,2
Easy,SCForcedChoice_purple,198,2
posttest:Post-Test:;,TypeResp,199,2
0,BlockVaryQ,199,2
1,ItemVaryQ,199,2
35,FreqPredict_1,199,2
25,FreqPredict_2,199,2
75,FreqPredict_3,199,2
60,FreqPredict_4,199,2
50,FreqPredict_5,199,2
Neutral,SCForcedChoice_red,199,2
Easy,SCForcedChoice_orange,199,2
Hard,SCForcedChoice_yellow,199,2
Easy,SCForcedChoice_green,199,2
Hard,SCForcedChoice_blue,199,2
Neutral,SCForcedChoice_purple,199,2
posttest:Post-Test:;,TypeResp,200,2
0,BlockVaryQ,200,2
1,ItemVaryQ,200,2
70,FreqPredict_1,200,2
50,FreqPredict_2,200,2
25,FreqPredict_3,200,2
30,FreqPredict_4,200,2
60,FreqPredict_5,200,2
Easy,SCForcedChoice_red,200,2
Hard,SCForcedChoice_orange,200,2
Easy,SCForcedChoice_yellow,200,2
Hard,SCForcedChoice_green,200,2
Hard,SCForcedChoice_blue,200,2
Hard,SCForcedChoice_purple,200,2
posttest:Post-Test:;,TypeResp,201,2
1,BlockVaryQ,201,2
1,ItemVaryQ,201,2
64,FreqPredict_1,201,2
21,FreqPredict_2,201,2
35,FreqPredict_3,201,2
80,FreqPredict_4,201,2
98,FreqPredict_5,201,2
Neutral,SCForcedChoice_red,201,2
Hard,SCForcedChoice_orange,201,2
Hard,SCForcedChoice_yellow,201,2
Easy,SCForcedChoice_green,201,2
Neutral,SCForcedChoice_blue,201,2
Hard,SCForcedChoice_purple,201,2
posttest:Post-Test:;,TypeResp,202,2
0,BlockVaryQ,202,2
0,ItemVaryQ,202,2
0,FreqPredict_1,202,2
0,FreqPredict_2,202,2
0,FreqPredict_3,202,2
100,FreqPredict_4,202,2
0,FreqPredict_5,202,2
Easy,SCForcedChoice_red,202,2
Neutral,SCForcedChoice_orange,202,2
Hard,SCForcedChoice_yellow,202,2
Neutral,SCForcedChoice_green,202,2
Easy,SCForcedChoice_blue,202,2
Hard,SCForcedChoice_purple,202,2
